"cruise","station","cast","rosette","pressure"
"FK","29",1,18,25.8
"FK","29",1,17,26.3
"FK","29",1,16,25.5
"FK","29",1,15,25.3
"FK","29",1,14,25.4
"FK","29",1,13,25.1
"FK","29",1,12,50.2
"FK","29",1,11,49.8
"FK","29",1,10,109.7
"FK","29",1,9,109.9
"FK","29",1,8,123.6
"FK","29",1,7,122.8
"FK","29",1,6,123.7
"FK","29",1,5,124.3
"FK","29",1,4,124.3
"FK","29",1,3,124.1
"FK","29",1,2,249.9
"FK","29",1,1,249.7
"FK","30",1,8,6
"FK","30",1,7,17
"FK","30",1,6,24.9
"FK","30",1,5,26.2
"FK","30",1,4,50.5
"FK","30",1,3,94.5
"FK","30",1,2,125.3
"FK","30",1,1,250
"FK","31",1,5,5.2
"FK","31",1,4,14.7
"FK","31",1,3,50.4
"FK","31",1,2,115.3
"FK","31",1,1,250.6
"FK","32",1,12,5.9
"FK","32",1,11,15.1
"FK","32",1,10,25.5
"FK","32",1,9,25
"FK","32",1,8,26
"FK","32",1,7,25.7
"FK","32",1,6,50.4
"FK","32",1,5,95.3
"FK","32",1,4,125.4
"FK","32",1,3,124.5
"FK","32",1,2,125.1
"FK","32",1,1,248.9
"FK","33",1,24,5.7
"FK","33",1,23,4.9
"FK","33",1,22,5
"FK","33",1,21,25.2
"FK","33",1,20,25.3
"FK","33",1,19,24.6
"FK","33",1,18,43.9
"FK","33",1,17,45.1
"FK","33",1,16,44.5
"FK","33",1,15,75.7
"FK","33",1,14,75
"FK","33",1,13,75.6
"FK","33",1,12,99.9
"FK","33",1,11,100.2
"FK","33",1,10,101
"FK","33",1,9,100.5
"FK","33",1,8,124
"FK","33",1,7,124.3
"FK","33",1,6,125.6
"FK","33",1,5,125.5
"FK","33",1,4,150.8
"FK","33",1,3,175.6
"FK","33",1,2,200.8
"FK","33",1,1,225
"FK","34",1,20,5.5
"FK","34",1,19,5.3
"FK","34",1,18,5.5
"FK","34",1,17,5.7
"FK","34",1,16,5.7
"FK","34",1,15,15.9
"FK","34",1,14,15.1
"FK","34",1,13,15.8
"FK","34",1,12,15.8
"FK","34",1,11,25.7
"FK","34",1,10,25.1
"FK","34",1,9,49.8
"FK","34",1,8,76
"FK","34",1,7,75.1
"FK","34",1,6,100.2
"FK","34",1,5,100.2
"FK","34",1,4,120.8
"FK","34",1,3,120.5
"FK","34",1,2,125.7
"FK","34",1,1,250.8
"FK","35",1,15,5.2
"FK","35",1,14,5.4
"FK","35",1,13,15.6
"FK","35",1,12,15.1
"FK","35",1,11,15.3
"FK","35",1,10,25
"FK","35",1,9,50.2
"FK","35",1,8,74.7
"FK","35",1,7,75
"FK","35",1,6,99.6
"FK","35",1,5,99.9
"FK","35",1,4,99.8
"FK","35",1,3,99.8
"FK","35",1,2,99.5
"FK","35",1,1,249.7
"FK","36",1,23,4.9
"FK","36",1,22,5.2
"FK","36",1,21,5
"FK","36",1,20,4.5
"FK","36",1,19,4.7
"FK","36",1,18,25.2
"FK","36",1,17,25.2
"FK","36",1,16,46.7
"FK","36",1,15,46.7
"FK","36",1,14,75
"FK","36",1,13,74.8
"FK","36",1,12,75.1
"FK","36",1,11,75
"FK","36",1,10,100.7
"FK","36",1,9,101
"FK","36",1,8,100.6
"FK","36",1,7,100.4
"FK","36",1,6,125
"FK","36",1,5,124.5
"FK","36",1,4,150.6
"FK","36",1,3,150.7
"FK","36",1,2,175.2
"FK","36",1,1,175.7
"FK","37",1,16,5.3
"FK","37",1,15,5.3
"FK","37",1,14,5.3
"FK","37",1,13,14.8
"FK","37",1,12,25.5
"FK","37",1,11,25.5
"FK","37",1,10,50.6
"FK","37",1,9,75.2
"FK","37",1,8,75
"FK","37",1,7,97.4
"FK","37",1,6,98.5
"FK","37",1,5,98
"FK","37",1,4,100.6
"FK","37",1,3,100.9
"FK","37",1,2,125.8
"FK","37",1,1,250.8
"FK","38",1,6,5.1
"FK","38",1,5,5.5
"FK","38",1,4,74.9
"FK","38",1,3,75.7
"FK","38",1,2,99.9
"FK","38",1,1,101
"FK","39",1,8,6
"FK","39",1,7,5.5
"FK","39",1,6,75.3
"FK","39",1,5,74.4
"FK","39",1,4,100
"FK","39",1,3,99.8
"FK","39",1,2,110.4
"FK","39",1,1,110.7
"FK","40",1,24,4.8
"FK","40",1,23,4.9
"FK","40",1,22,4.9
"FK","40",1,21,5.2
"FK","40",1,20,5.5
"FK","40",1,19,25
"FK","40",1,18,25.2
"FK","40",1,17,25
"FK","40",1,16,45.2
"FK","40",1,15,45
"FK","40",1,14,44.9
"FK","40",1,13,74.6
"FK","40",1,12,76.3
"FK","40",1,11,75.2
"FK","40",1,10,75.3
"FK","40",1,9,99.8
"FK","40",1,8,100.6
"FK","40",1,7,99.8
"FK","40",1,6,100.2
"FK","40",1,5,113.5
"FK","40",1,4,113.2
"FK","40",1,3,125.7
"FK","40",1,2,125.5
"FK","40",1,1,124.8
"FK","41",1,22,5.7
"FK","41",1,21,5.3
"FK","41",1,20,5.6
"FK","41",1,19,5.1
"FK","41",1,18,5.5
"FK","41",1,17,14.9
"FK","41",1,16,14.9
"FK","41",1,15,14.9
"FK","41",1,14,25.6
"FK","41",1,13,25.7
"FK","41",1,12,49.6
"FK","41",1,11,75.2
"FK","41",1,10,75.8
"FK","41",1,9,75.6
"FK","41",1,8,100.6
"FK","41",1,7,100.5
"FK","41",1,6,99.7
"FK","41",1,5,100
"FK","41",1,4,100.6
"FK","41",1,3,125
"FK","41",1,2,125.9
"FK","41",1,1,250.3
"FK","42",1,17,5.1
"FK","42",1,16,4.7
"FK","42",1,15,5.1
"FK","42",1,14,15.1
"FK","42",1,13,14.9
"FK","42",1,12,15.1
"FK","42",1,11,14
"FK","42",1,10,15.1
"FK","42",1,9,50.7
"FK","42",1,8,74.8
"FK","42",1,7,75.4
"FK","42",1,6,100.6
"FK","42",1,5,100.4
"FK","42",1,4,103.9
"FK","42",1,3,103.2
"FK","42",1,2,103.8
"FK","42",1,1,250.5
"FK","43",1,23,5.6
"FK","43",1,22,5.3
"FK","43",1,21,5.4
"FK","43",1,20,25.2
"FK","43",1,19,45.2
"FK","43",1,18,75.5
"FK","43",1,17,75.2
"FK","43",1,16,75.2
"FK","43",1,15,101.4
"FK","43",1,14,100.3
"FK","43",1,13,100.7
"FK","43",1,12,104.2
"FK","43",1,11,104.2
"FK","43",1,10,124.7
"FK","43",1,9,149.9
"FK","43",1,8,174.9
"FK","43",1,7,199.9
"FK","43",1,6,300.2
"FK","43",1,5,400.2
"FK","43",1,4,500.4
"FK","43",1,3,599.8
"FK","43",1,2,699.6
"FK","43",1,1,769.1
"FK","44",1,20,5.3
"FK","44",1,19,5.5
"FK","44",1,18,5.5
"FK","44",1,17,5.8
"FK","44",1,16,15.3
"FK","44",1,15,14.5
"FK","44",1,14,15.1
"FK","44",1,13,24.7
"FK","44",1,12,24.9
"FK","44",1,11,49.9
"FK","44",1,10,75.5
"FK","44",1,9,74.3
"FK","44",1,8,100
"FK","44",1,7,99
"FK","44",1,6,105.9
"FK","44",1,5,106.1
"FK","44",1,4,105.9
"FK","44",1,3,106.3
"FK","44",1,2,125.7
"FK","44",1,1,250.4
"FK","45",1,10,5
"FK","45",1,9,5.4
"FK","45",1,8,5.3
"FK","45",1,7,5.1
"FK","45",1,6,75.1
"FK","45",1,5,75.1
"FK","45",1,4,99.5
"FK","45",1,3,100.1
"FK","45",1,2,111.6
"FK","45",1,1,113.5
"FK","46",1,23,5.1
"FK","46",1,22,5.5
"FK","46",1,21,5
"FK","46",1,20,5.1
"FK","46",1,19,15.3
"FK","46",1,18,15.1
"FK","46",1,17,15.1
"FK","46",1,16,15.6
"FK","46",1,15,15.3
"FK","46",1,14,25.4
"FK","46",1,13,25.9
"FK","46",1,12,50.5
"FK","46",1,11,74.8
"FK","46",1,10,75.1
"FK","46",1,9,100.3
"FK","46",1,8,100
"FK","46",1,7,112.2
"FK","46",1,6,112.8
"FK","46",1,5,112.6
"FK","46",1,4,112.5
"FK","46",1,3,125.3
"FK","46",1,2,154.5
"FK","46",1,1,248.5
"FK","47",1,8,5.2
"FK","47",1,7,5.8
"FK","47",1,6,75.4
"FK","47",1,5,75.2
"FK","47",1,4,75.5
"FK","47",1,3,75.1
"FK","47",1,2,100.1
"FK","47",1,1,99.8
"FK","48",1,14,5.5
"FK","48",1,13,5.9
"FK","48",1,12,25.2
"FK","48",1,11,25
"FK","48",1,10,24.4
"FK","48",1,9,26.1
"FK","48",1,8,24.8
"FK","48",1,7,25.3
"FK","48",1,6,74.8
"FK","48",1,5,74
"FK","48",1,4,100.4
"FK","48",1,3,99.8
"FK","48",1,2,115.7
"FK","48",1,1,116.7
"FK","49",1,24,5.2
"FK","49",1,23,5.7
"FK","49",1,22,25.8
"FK","49",1,21,24.8
"FK","49",1,20,25
"FK","49",1,19,24.6
"FK","49",1,18,24.1
"FK","49",1,17,24.7
"FK","49",1,16,24.8
"FK","49",1,15,45.3
"FK","49",1,14,44.3
"FK","49",1,13,75.5
"FK","49",1,12,75.9
"FK","49",1,11,100
"FK","49",1,10,99.9
"FK","49",1,9,123.9
"FK","49",1,8,125.9
"FK","49",1,7,125.8
"FK","49",1,6,126.1
"FK","49",1,5,126.1
"FK","49",1,4,149.5
"FK","49",1,3,149.9
"FK","49",1,2,201.3
"FK","49",1,1,200.8
"FK","50",1,21,6.3
"FK","50",1,20,7
"FK","50",1,19,6.3
"FK","50",1,18,5.4
"FK","50",1,17,16
"FK","50",1,16,16.1
"FK","50",1,15,15.4
"FK","50",1,14,26.1
"FK","50",1,13,26.1
"FK","50",1,12,49.6
"FK","50",1,11,75.2
"FK","50",1,10,74.7
"FK","50",1,9,100.8
"FK","50",1,8,100.8
"FK","50",1,7,110.2
"FK","50",1,6,110.6
"FK","50",1,5,111
"FK","50",1,4,111.1
"FK","50",1,3,126.1
"FK","50",1,2,155
"FK","50",1,1,250.4
"FK","51",1,12,4.1
"FK","51",1,11,5.6
"FK","51",1,10,4.4
"FK","51",1,9,14.4
"FK","51",1,8,49.5
"FK","51",1,7,74.4
"FK","51",1,6,75.3
"FK","51",1,5,100.2
"FK","51",1,4,100.5
"FK","51",1,3,109.9
"FK","51",1,2,110.1
"FK","51",1,1,251.6
"FK","52",1,10,5
"FK","52",1,9,5.3
"FK","52",1,8,75.3
"FK","52",1,7,75.3
"FK","52",1,6,99.7
"FK","52",1,5,98.7
"FK","52",1,4,99.8
"FK","52",1,3,101
"FK","52",1,2,120.9
"FK","52",1,1,120.4
"FK","53",1,17,5.2
"FK","53",1,16,4.5
"FK","53",1,15,5.2
"FK","53",1,14,15.1
"FK","53",1,13,50.5
"FK","53",1,12,50.7
"FK","53",1,11,50.5
"FK","53",1,10,75.5
"FK","53",1,9,74.9
"FK","53",1,8,100.1
"FK","53",1,7,99.8
"FK","53",1,6,110
"FK","53",1,5,109.1
"FK","53",1,4,109.5
"FK","53",1,3,109.2
"FK","53",1,2,108.7
"FK","53",1,1,249.6
"FK","54",1,10,5.5
"FK","54",1,9,4.9
"FK","54",1,8,74.3
"FK","54",1,7,75.2
"FK","54",1,6,101.1
"FK","54",1,5,100.1
"FK","54",1,4,110.7
"FK","54",1,3,110
"FK","54",1,2,125.4
"FK","54",1,1,125.4
"FK","55",1,24,5.5
"FK","55",1,23,5.2
"FK","55",1,22,5
"FK","55",1,21,5.1
"FK","55",1,20,24.9
"FK","55",1,19,25.7
"FK","55",1,18,25.9
"FK","55",1,17,46.1
"FK","55",1,16,45.9
"FK","55",1,15,45.6
"FK","55",1,14,46.1
"FK","55",1,13,75.4
"FK","55",1,12,75.1
"FK","55",1,11,73.9
"FK","55",1,10,74.2
"FK","55",1,9,74.3
"FK","55",1,8,99.8
"FK","55",1,7,99.7
"FK","55",1,6,100.1
"FK","55",1,5,99.6
"FK","55",1,4,99.5
"FK","55",1,3,124.9
"FK","55",1,2,125.9
"FK","55",1,1,125.2
"FK","56",1,23,5.2
"FK","56",1,22,4.9
"FK","56",1,21,4.5
"FK","56",1,20,5
"FK","56",1,19,15.7
"FK","56",1,18,15
"FK","56",1,17,26.2
"FK","56",1,16,26.2
"FK","56",1,15,26.1
"FK","56",1,14,26.1
"FK","56",1,13,25.4
"FK","56",1,12,50.3
"FK","56",1,11,75
"FK","56",1,10,75.2
"FK","56",1,9,101.2
"FK","56",1,8,100.8
"FK","56",1,7,106.1
"FK","56",1,6,104.3
"FK","56",1,5,105.8
"FK","56",1,4,105.1
"FK","56",1,3,125.2
"FK","56",1,2,155.4
"FK","56",1,1,251.4
"FK","57",1,12,117.1
"FK","57",1,11,117
"FK","57",1,10,116.3
"FK","57",1,9,117.6
"FK","57",1,8,116.8
"FK","57",1,7,117.2
"FK","57",1,6,117
"FK","57",1,5,117.3
"FK","57",1,4,117.1
"FK","57",1,3,117.3
"FK","57",1,2,117.2
"FK","57",1,1,117.7
"FK","58",1,6,4.9
"FK","58",1,5,15
"FK","58",1,4,51.3
"FK","58",1,3,111.8
"FK","58",1,2,111.7
"FK","58",1,1,249.4
"FK","59",1,20,5.5
"FK","59",1,19,5.2
"FK","59",1,18,25.6
"FK","59",1,17,26.1
"FK","59",1,16,26.4
"FK","59",1,15,26.5
"FK","59",1,14,45
"FK","59",1,13,45.6
"FK","59",1,12,74.4
"FK","59",1,11,74.1
"FK","59",1,10,99.4
"FK","59",1,9,100.3
"FK","59",1,8,108.3
"FK","59",1,7,108.2
"FK","59",1,6,126.2
"FK","59",1,5,124.9
"FK","59",1,4,151.6
"FK","59",1,3,150.3
"FK","59",1,2,174.4
"FK","59",1,1,175.2
"FK","60",1,16,6.1
"FK","60",1,15,5.1
"FK","60",1,14,14.7
"FK","60",1,13,15
"FK","60",1,12,24.9
"FK","60",1,11,25.6
"FK","60",1,10,25.4
"FK","60",1,9,24.7
"FK","60",1,8,25.2
"FK","60",1,7,25
"FK","60",1,6,49.4
"FK","60",1,5,100.4
"FK","60",1,4,100.6
"FK","60",1,3,126.7
"FK","60",1,2,249.8
"FK","60",1,1,250.7
"FK","61",1,16,25.2
"FK","61",1,15,25.7
"FK","61",1,14,25.3
"FK","61",1,13,25.9
"FK","61",1,12,25.6
"FK","61",1,11,25.2
"FK","61",1,10,25.4
"FK","61",1,9,24.7
"FK","61",1,8,125.2
"FK","61",1,7,125.3
"FK","61",1,6,125.8
"FK","61",1,5,125
"FK","61",1,4,124.5
"FK","61",1,3,125.3
"FK","61",1,2,124.8
"FK","61",1,1,125.1
"FK","62",1,24,5.3
"FK","62",1,23,15.5
"FK","62",1,22,25
"FK","62",1,21,24.9
"FK","62",1,20,25.1
"FK","62",1,19,25.3
"FK","62",1,18,25.7
"FK","62",1,17,25.5
"FK","62",1,16,25.7
"FK","62",1,15,25.2
"FK","62",1,14,24.6
"FK","62",1,13,24.4
"FK","62",1,12,24.9
"FK","62",1,11,50.1
"FK","62",1,10,98.2
"FK","62",1,9,98.1
"FK","62",1,8,97.4
"FK","62",1,7,98.6
"FK","62",1,6,98.5
"FK","62",1,5,98.6
"FK","62",1,4,97.7
"FK","62",1,3,98.5
"FK","62",1,2,125
"FK","62",1,1,249.9
"FK","63",1,8,5.6
"FK","63",1,7,15.1
"FK","63",1,6,50.4
"FK","63",1,5,50.5
"FK","63",1,4,110.4
"FK","63",1,3,110.1
"FK","63",1,2,249.2
"FK","63",1,1,249.9
"FK","64",1,24,4.7
"FK","64",1,23,15.8
"FK","64",1,22,25.4
"FK","64",1,21,25.2
"FK","64",1,20,25.5
"FK","64",1,19,25.8
"FK","64",1,18,25.5
"FK","64",1,17,25
"FK","64",1,16,24.6
"FK","64",1,15,25
"FK","64",1,14,25.3
"FK","64",1,13,25.3
"FK","64",1,12,115.6
"FK","64",1,11,115.6
"FK","64",1,10,115.3
"FK","64",1,9,115.5
"FK","64",1,8,114.9
"FK","64",1,7,114.7
"FK","64",1,6,115.4
"FK","64",1,5,124.8
"FK","64",1,4,150.9
"FK","64",1,3,150.8
"FK","64",1,2,200.7
"FK","64",1,1,200.4
"FK","65",1,24,5.1
"FK","65",1,23,5.2
"FK","65",1,22,5.6
"FK","65",1,21,26.1
"FK","65",1,20,26
"FK","65",1,19,25.7
"FK","65",1,18,45.3
"FK","65",1,17,44.8
"FK","65",1,16,45.4
"FK","65",1,15,74.7
"FK","65",1,14,74.5
"FK","65",1,13,74.9
"FK","65",1,12,99.9
"FK","65",1,11,100.2
"FK","65",1,10,100.1
"FK","65",1,9,124
"FK","65",1,8,124.7
"FK","65",1,7,125.3
"FK","65",1,6,125
"FK","65",1,5,149.6
"FK","65",1,4,175
"FK","65",1,3,200.5
"FK","65",1,2,225.2
"FK","65",1,1,225.2
"FK","66",1,24,5.8
"FK","66",1,23,25.2
"FK","66",1,22,25.4
"FK","66",1,21,25
"FK","66",1,20,26
"FK","66",1,19,44.8
"FK","66",1,18,75.6
"FK","66",1,17,100.7
"FK","66",1,16,104.4
"FK","66",1,15,125.5
"FK","66",1,14,150.8
"FK","66",1,13,175.3
"FK","66",1,12,200
"FK","66",1,11,300.3
"FK","66",1,10,399.9
"FK","66",1,9,498.7
"FK","66",1,8,600
"FK","66",1,7,700.2
"FK","66",1,6,770.2
"FK","66",1,5,1000.5
"FK","66",1,4,1000.5
"FK","66",1,3,1000.1
"FK","66",1,2,1000.9
"FK","66",1,1,1000.6
"FK","67",1,24,5.8
"FK","67",1,23,15.1
"FK","67",1,22,24.6
"FK","67",1,21,45.6
"FK","67",1,20,75.6
"FK","67",1,19,85.2
"FK","67",1,18,91
"FK","67",1,17,95.1
"FK","67",1,16,99.3
"FK","67",1,15,99.8
"FK","67",1,14,105.1
"FK","67",1,13,110.5
"FK","67",1,12,114.5
"FK","67",1,11,125.3
"FK","67",1,10,150.3
"FK","67",1,9,174.4
"FK","67",1,8,200.6
"FK","67",1,7,250.1
"FK","67",1,6,250.2
"FK","67",1,5,250.6
"FK","67",1,4,301.3
"FK","67",1,3,301.1
"FK","67",1,2,300.1
"FK","67",1,1,400.1
"FK","68",1,12,25.9
"FK","68",1,11,25.9
"FK","68",1,10,25.5
"FK","68",1,9,25
"FK","68",1,8,25.8
"FK","68",1,7,25.1
"FK","68",1,6,99.6
"FK","68",1,5,100.2
"FK","68",1,4,100.5
"FK","68",1,3,100
"FK","68",1,2,99.8
"FK","68",1,1,99.7
"FK","69",1,24,15.1
"FK","69",1,23,15.3
"FK","69",1,22,15.2
"FK","69",1,21,26.2
"FK","69",1,20,26.3
"FK","69",1,19,25.4
"FK","69",1,18,26.2
"FK","69",1,17,25.7
"FK","69",1,16,25.2
"FK","69",1,15,111.5
"FK","69",1,14,112.5
"FK","69",1,13,112.4
"FK","69",1,12,149.6
"FK","69",1,11,150
"FK","69",1,10,149.9
"FK","69",1,9,149.2
"FK","69",1,8,250.4
"FK","69",1,7,250.7
"FK","69",1,6,251
"FK","69",1,5,250.5
"FK","69",1,4,1000.5
"FK","69",1,3,1000.7
"FK","69",1,2,998.7
"FK","69",1,1,999
"FK","71",1,24,5.1
"FK","71",1,23,4.6
"FK","71",1,22,14.6
"FK","71",1,21,25.4
"FK","71",1,20,25.3
"FK","71",1,19,25.6
"FK","71",1,18,25.8
"FK","71",1,17,46
"FK","71",1,16,45.6
"FK","71",1,15,75.8
"FK","71",1,14,75.1
"FK","71",1,13,90.3
"FK","71",1,12,99.8
"FK","71",1,11,100.4
"FK","71",1,10,99.6
"FK","71",1,9,99.8
"FK","71",1,8,110.7
"FK","71",1,7,124.9
"FK","71",1,6,125.1
"FK","71",1,5,150.2
"FK","71",1,4,150
"FK","71",1,3,176
"FK","71",1,2,175.1
"FK","71",1,1,199.9
"FK","72",1,24,5.9
"FK","72",1,23,5.5
"FK","72",1,22,15
"FK","72",1,21,24.1
"FK","72",1,20,25.2
"FK","72",1,19,25.5
"FK","72",1,18,24.8
"FK","72",1,17,45.3
"FK","72",1,16,45.1
"FK","72",1,15,75.3
"FK","72",1,14,75.1
"FK","72",1,13,99.5
"FK","72",1,12,100.6
"FK","72",1,11,120.3
"FK","72",1,10,124.4
"FK","72",1,9,129.9
"FK","72",1,8,130.5
"FK","72",1,7,129.4
"FK","72",1,6,141.3
"FK","72",1,5,150.6
"FK","72",1,4,150.1
"FK","72",1,3,174.8
"FK","72",1,2,176.4
"FK","72",1,1,200.5
"FK","73",1,24,4.9
"FK","73",1,23,5.1
"FK","73",1,22,15.2
"FK","73",1,21,25.4
"FK","73",1,20,25.2
"FK","73",1,19,25
"FK","73",1,18,25.4
"FK","73",1,17,45.7
"FK","73",1,16,45.7
"FK","73",1,15,75.7
"FK","73",1,14,75.2
"FK","73",1,13,100.4
"FK","73",1,12,100.8
"FK","73",1,11,115
"FK","73",1,10,126.1
"FK","73",1,9,125.1
"FK","73",1,8,125.6
"FK","73",1,7,125.2
"FK","73",1,6,135
"FK","73",1,5,150.9
"FK","73",1,4,151.3
"FK","73",1,3,174.4
"FK","73",1,2,174.1
"FK","73",1,1,200.2
"FK","74",1,24,5.4
"FK","74",1,23,4.8
"FK","74",1,22,5.8
"FK","74",1,21,15.4
"FK","74",1,20,15.6
"FK","74",1,19,26.4
"FK","74",1,18,24.2
"FK","74",1,17,24.8
"FK","74",1,16,24.7
"FK","74",1,15,26.2
"FK","74",1,14,45.4
"FK","74",1,13,44.8
"FK","74",1,12,75.4
"FK","74",1,11,74.8
"FK","74",1,10,99.5
"FK","74",1,9,98.9
"FK","74",1,8,113.1
"FK","74",1,7,113.5
"FK","74",1,6,124.3
"FK","74",1,5,125.5
"FK","74",1,4,149.9
"FK","74",1,3,150.8
"FK","74",1,2,174.6
"FK","74",1,1,175
"FK","75",1,24,5.1
"FK","75",1,23,15.7
"FK","75",1,22,14.9
"FK","75",1,21,26.2
"FK","75",1,20,26.6
"FK","75",1,19,25.9
"FK","75",1,18,25.7
"FK","75",1,17,25.9
"FK","75",1,16,26.1
"FK","75",1,15,26.4
"FK","75",1,14,25.4
"FK","75",1,13,25.5
"FK","75",1,12,25.1
"FK","75",1,11,25.5
"FK","75",1,10,26.1
"FK","75",1,9,25.8
"FK","75",1,8,26
"FK","75",1,7,46.2
"FK","75",1,6,75.8
"FK","75",1,5,99.8
"FK","75",1,4,125.1
"FK","75",1,3,125.2
"FK","75",1,2,150.9
"FK","75",1,1,174.3
"FK","76",1,24,5.5
"FK","76",1,23,6.6
"FK","76",1,22,6.2
"FK","76",1,21,6.2
"FK","76",1,20,25.7
"FK","76",1,19,24.7
"FK","76",1,18,25.8
"FK","76",1,17,25.4
"FK","76",1,16,45.4
"FK","76",1,15,45.8
"FK","76",1,14,46.9
"FK","76",1,13,45.7
"FK","76",1,12,76
"FK","76",1,11,75.6
"FK","76",1,10,75.1
"FK","76",1,9,77.1
"FK","76",1,8,99.8
"FK","76",1,7,99.8
"FK","76",1,6,100.2
"FK","76",1,5,100
"FK","76",1,4,129
"FK","76",1,3,127
"FK","76",1,2,126.5
"FK","76",1,1,126
"FK","77",1,24,5.8
"FK","77",1,23,15.9
"FK","77",1,22,25.3
"FK","77",1,21,24.6
"FK","77",1,20,25.8
"FK","77",1,19,25.7
"FK","77",1,18,25.8
"FK","77",1,17,24.6
"FK","77",1,16,26.2
"FK","77",1,15,24.8
"FK","77",1,14,25.2
"FK","77",1,13,25.1
"FK","77",1,12,45.8
"FK","77",1,11,76
"FK","77",1,10,101
"FK","77",1,9,126.6
"FK","77",1,8,125.2
"FK","77",1,7,126.2
"FK","77",1,6,125.7
"FK","77",1,5,124.4
"FK","77",1,4,125.8
"FK","77",1,3,125.4
"FK","77",1,2,150.6
"FK","77",1,1,175.3
"FK","78",1,23,5.6
"FK","78",1,22,15.9
"FK","78",1,21,26.5
"FK","78",1,20,46.6
"FK","78",1,19,76.2
"FK","78",1,18,84.9
"FK","78",1,17,90.8
"FK","78",1,16,96.1
"FK","78",1,15,100.6
"FK","78",1,14,100.5
"FK","78",1,13,106.1
"FK","78",1,12,111.2
"FK","78",1,11,114.4
"FK","78",1,10,125.5
"FK","78",1,9,149.4
"FK","78",1,8,150.6
"FK","78",1,7,150.2
"FK","78",1,6,175.4
"FK","78",1,5,175.3
"FK","78",1,4,175.2
"FK","78",1,3,200.8
"FK","78",1,2,200.8
"FK","78",1,1,201.1
"FK","79",1,24,4.9
"FK","79",1,23,24.6
"FK","79",1,22,25.5
"FK","79",1,21,26.4
"FK","79",1,20,25.2
"FK","79",1,19,25.3
"FK","79",1,18,25
"FK","79",1,17,25.8
"FK","79",1,16,25.2
"FK","79",1,15,41.6
"FK","79",1,14,45
"FK","79",1,13,55.6
"FK","79",1,12,60.2
"FK","79",1,11,65.7
"FK","79",1,10,70.4
"FK","79",1,9,75
"FK","79",1,8,100.2
"FK","79",1,7,124.7
"FK","79",1,6,149.7
"FK","79",1,5,176.7
"FK","79",1,4,201.3
"FK","79",1,3,250
"FK","79",1,2,300.2
"FK","79",1,1,399.4
"FK","80",1,24,5.3
"FK","80",1,23,15.9
"FK","80",1,22,25.2
"FK","80",1,21,25.2
"FK","80",1,20,26.3
"FK","80",1,19,25.4
"FK","80",1,18,25.8
"FK","80",1,17,25.4
"FK","80",1,16,25.2
"FK","80",1,15,25
"FK","80",1,14,25.6
"FK","80",1,13,26.2
"FK","80",1,12,45.1
"FK","80",1,11,75.5
"FK","80",1,10,99.9
"FK","80",1,9,120.3
"FK","80",1,8,121
"FK","80",1,7,119.6
"FK","80",1,6,120.1
"FK","80",1,5,120
"FK","80",1,4,120.2
"FK","80",1,3,125.7
"FK","80",1,2,150.4
"FK","80",1,1,175
"FK","81",1,24,5.7
"FK","81",1,23,6
"FK","81",1,22,5.5
"FK","81",1,21,15.1
"FK","81",1,20,15.5
"FK","81",1,19,24.8
"FK","81",1,18,25.4
"FK","81",1,17,25
"FK","81",1,16,45.2
"FK","81",1,15,45.7
"FK","81",1,14,45.5
"FK","81",1,13,49.7
"FK","81",1,12,75
"FK","81",1,11,74.9
"FK","81",1,10,74.6
"FK","81",1,9,73.7
"FK","81",1,8,100.1
"FK","81",1,7,100.2
"FK","81",1,6,100.5
"FK","81",1,5,115.8
"FK","81",1,4,125.3
"FK","81",1,3,124.7
"FK","81",1,2,124.8
"FK","81",1,1,125.4
"FK","82",1,18,5.5
"FK","82",1,17,5.2
"FK","82",1,16,15.3
"FK","82",1,15,25.1
"FK","82",1,14,25.7
"FK","82",1,13,25.4
"FK","82",1,12,24.9
"FK","82",1,11,25.6
"FK","82",1,10,25.6
"FK","82",1,9,44.7
"FK","82",1,8,44.6
"FK","82",1,7,74.7
"FK","82",1,6,99.8
"FK","82",1,5,117.8
"FK","82",1,4,124.6
"FK","82",1,3,124.2
"FK","82",1,2,150.3
"FK","82",1,1,174.5
"FK","83",1,20,5.2
"FK","83",1,19,5.1
"FK","83",1,18,15.5
"FK","83",1,17,16
"FK","83",1,16,25.6
"FK","83",1,15,25.2
"FK","83",1,14,45.4
"FK","83",1,13,45.1
"FK","83",1,12,60.7
"FK","83",1,11,60.2
"FK","83",1,10,75.5
"FK","83",1,9,75.6
"FK","83",1,8,85.3
"FK","83",1,7,85.6
"FK","83",1,6,100.3
"FK","83",1,5,100.8
"FK","83",1,4,115.5
"FK","83",1,3,115.3
"FK","83",1,2,129.7
"FK","83",1,1,129.8
"FK","84",1,24,5.5
"FK","84",1,23,15.5
"FK","84",1,22,25
"FK","84",1,21,25
"FK","84",1,20,25.3
"FK","84",1,19,25.8
"FK","84",1,18,25
"FK","84",1,17,24.4
"FK","84",1,16,114.7
"FK","84",1,15,114.6
"FK","84",1,14,114.6
"FK","84",1,13,114.5
"FK","84",1,12,114.5
"FK","84",1,11,114.5
"FK","84",1,10,250.5
"FK","84",1,9,250.2
"FK","84",1,8,251.6
"FK","84",1,7,250.7
"FK","84",1,6,250.5
"FK","84",1,5,250.2
"FK","84",1,4,250.6
"FK","84",1,3,250.2
"FK","84",1,2,250.2
"FK","84",1,1,250.3
"FK","85",1,24,24.7
"FK","85",1,23,25.3
"FK","85",1,22,25.1
"FK","85",1,21,25.4
"FK","85",1,20,25.8
"FK","85",1,19,122.3
"FK","85",1,18,122.1
"FK","85",1,17,122.2
"FK","85",1,16,121.7
"FK","85",1,15,149.7
"FK","85",1,14,149.8
"FK","85",1,13,149.6
"FK","85",1,12,149.2
"FK","85",1,11,149.6
"FK","85",1,10,250.2
"FK","85",1,9,250.8
"FK","85",1,8,249.9
"FK","85",1,7,250.3
"FK","85",1,6,250.3
"FK","85",1,5,1000.8
"FK","85",1,4,1001.1
"FK","85",1,3,1000.6
"FK","85",1,2,1000.5
"FK","85",1,1,1000.6
"FK","86",1,18,4.8
"FK","86",1,17,5
"FK","86",1,16,15.4
"FK","86",1,15,25.1
"FK","86",1,14,25
"FK","86",1,13,25
"FK","86",1,12,25.7
"FK","86",1,11,24.6
"FK","86",1,10,24.9
"FK","86",1,9,45
"FK","86",1,8,44.7
"FK","86",1,7,74.7
"FK","86",1,6,99.8
"FK","86",1,5,120.2
"FK","86",1,4,124.6
"FK","86",1,3,125.6
"FK","86",1,2,150.3
"FK","86",1,1,175.2
"MT","1",1,24,101.5
"MT","1",1,23,102.3
"MT","1",1,22,102.6
"MT","1",1,21,101.8
"MT","1",1,20,100.6
"MT","1",1,19,101.6
"MT","1",1,18,101.1
"MT","1",1,17,101.1
"MT","1",1,16,101.2
"MT","1",1,15,101.7
"MT","1",1,14,102
"MT","1",1,13,102.3
"MT","1",1,12,102.6
"MT","1",1,11,101.6
"MT","1",1,10,102
"MT","1",1,9,101.2
"MT","1",1,8,102.2
"MT","1",1,7,100.8
"MT","1",1,6,102
"MT","1",1,5,100.6
"MT","1",1,4,101.3
"MT","1",1,3,101.8
"MT","1",1,2,101.8
"MT","1",1,1,101.6
"MT","2",1,24,26.2
"MT","2",1,23,26.2
"MT","2",1,22,25.8
"MT","2",1,21,25.4
"MT","2",1,20,25.8
"MT","2",1,19,25.4
"MT","2",1,18,44.6
"MT","2",1,17,75.7
"MT","2",1,16,74.4
"MT","2",1,15,99.7
"MT","2",1,14,100.5
"MT","2",1,13,126
"MT","2",1,12,125.8
"MT","2",1,11,130.1
"MT","2",1,10,129.3
"MT","2",1,9,128.6
"MT","2",1,8,129.3
"MT","2",1,7,128.3
"MT","2",1,6,152.9
"MT","2",1,5,176.6
"MT","2",1,4,177
"MT","2",1,3,175.8
"MT","2",1,2,176
"MT","2",1,1,176.2
"MT","3",1,11,4.9
"MT","3",1,10,25.1
"MT","3",1,9,46
"MT","3",1,8,75.4
"MT","3",1,7,101.7
"MT","3",1,6,126.3
"MT","3",1,5,151.6
"MT","3",1,4,176.5
"MT","3",1,3,200.9
"MT","3",1,2,202
"MT","3",1,1,202.4
"MT","4",1,24,15.6
"MT","4",1,23,14.2
"MT","4",1,22,15.3
"MT","4",1,21,14.1
"MT","4",1,20,15
"MT","4",1,19,14.3
"MT","4",1,18,44.5
"MT","4",1,17,76
"MT","4",1,16,75.7
"MT","4",1,15,100.8
"MT","4",1,14,100.8
"MT","4",1,13,101
"MT","4",1,12,102.3
"MT","4",1,11,99.7
"MT","4",1,10,100.3
"MT","4",1,9,101.6
"MT","4",1,8,125.9
"MT","4",1,7,125.5
"MT","4",1,6,151.1
"MT","4",1,5,176.6
"MT","4",1,4,174.4
"MT","4",1,3,174.6
"MT","4",1,2,174.5
"MT","4",1,1,174.4
"MT","4",2,24,5.2
"MT","4",2,23,16.3
"MT","4",2,22,16
"MT","4",2,21,14.5
"MT","4",2,20,16.1
"MT","4",2,19,43.8
"MT","4",2,18,46.5
"MT","4",2,17,45
"MT","4",2,16,75.9
"MT","4",2,15,75.2
"MT","4",2,14,100.8
"MT","4",2,13,105.2
"MT","4",2,12,106.3
"MT","4",2,11,127.5
"MT","4",2,10,151.2
"MT","4",2,9,177.1
"MT","4",2,8,175.8
"MT","4",2,7,177.1
"MT","4",2,6,202.2
"MT","4",2,5,251.9
"MT","4",2,4,252.6
"MT","4",2,3,252.3
"MT","4",2,2,505.8
"MT","4",2,1,504.8
"MT","4",3,21,3.9
"MT","4",3,20,4.4
"MT","4",3,19,15
"MT","4",3,18,15.9
"MT","4",3,17,16.3
"MT","4",3,16,13.9
"MT","4",3,15,14.7
"MT","4",3,14,15.5
"MT","4",3,13,15.7
"MT","4",3,12,14.9
"MT","4",3,11,15.5
"MT","4",3,10,15.8
"MT","4",3,9,45.8
"MT","4",3,8,46.9
"MT","4",3,7,119.5
"MT","4",3,6,117.8
"MT","4",3,5,117.9
"MT","4",3,4,118.7
"MT","4",3,3,142.4
"MT","4",3,2,140.7
"MT","4",3,1,175.9
"MT","5",1,24,15.2
"MT","5",1,23,15.7
"MT","5",1,22,15.5
"MT","5",1,21,15.1
"MT","5",1,20,15.2
"MT","5",1,19,14.7
"MT","5",1,18,46.4
"MT","5",1,17,76.1
"MT","5",1,16,76
"MT","5",1,15,100.3
"MT","5",1,14,100.6
"MT","5",1,13,122.6
"MT","5",1,12,122.2
"MT","5",1,11,122.5
"MT","5",1,10,122.4
"MT","5",1,9,123.4
"MT","5",1,8,126
"MT","5",1,7,125.5
"MT","5",1,6,151.2
"MT","5",1,5,177.8
"MT","5",1,4,176.6
"MT","5",1,3,175.8
"MT","5",1,2,176.3
"MT","5",1,1,176.6
"MT","5",2,24,6.1
"MT","5",2,23,15.4
"MT","5",2,22,15.2
"MT","5",2,21,15.8
"MT","5",2,20,45.7
"MT","5",2,19,48.7
"MT","5",2,18,48.1
"MT","5",2,17,74.3
"MT","5",2,16,100.6
"MT","5",2,15,115.8
"MT","5",2,14,115.8
"MT","5",2,13,115.7
"MT","5",2,12,125.1
"MT","5",2,11,135.7
"MT","5",2,10,135.4
"MT","5",2,9,148.4
"MT","5",2,8,175.3
"MT","5",2,7,174.8
"MT","5",2,6,175.2
"MT","5",2,5,200
"MT","5",2,4,251.6
"MT","5",2,3,250.2
"MT","5",2,2,250.1
"MT","5",2,1,501.1
"MT","6",1,24,5.5
"MT","6",1,23,15.8
"MT","6",1,22,15.2
"MT","6",1,21,14.7
"MT","6",1,20,15.3
"MT","6",1,19,15.1
"MT","6",1,18,15.3
"MT","6",1,17,14.8
"MT","6",1,16,15.4
"MT","6",1,15,15.1
"MT","6",1,14,15.3
"MT","6",1,13,44.9
"MT","6",1,12,74.6
"MT","6",1,11,99.8
"MT","6",1,10,125.7
"MT","6",1,9,125.7
"MT","6",1,8,125.1
"MT","6",1,7,149.7
"MT","6",1,6,175.1
"MT","6",1,5,175.9
"MT","6",1,4,200.3
"MT","6",1,3,250.4
"MT","6",1,2,501.4
"MT","6",1,1,499.2
"MT","6",2,24,130.6
"MT","6",2,23,150.5
"MT","6",2,22,150.2
"MT","6",2,21,151.8
"MT","6",2,20,151.2
"MT","6",2,19,149.9
"MT","6",2,18,151.7
"MT","6",2,17,152
"MT","6",2,16,152.2
"MT","6",2,15,151.2
"MT","6",2,14,150.3
"MT","6",2,13,151.8
"MT","6",2,12,151.2
"MT","6",2,11,150.2
"MT","6",2,10,151.4
"MT","6",2,9,150.8
"MT","6",2,8,150.5
"MT","6",2,7,151.2
"MT","6",2,6,151
"MT","6",2,5,151.4
"MT","6",2,4,151.6
"MT","6",2,3,151.6
"MT","6",2,2,151.8
"MT","6",2,1,151.7
"MT","6",3,24,15
"MT","6",3,23,14.5
"MT","6",3,22,14.3
"MT","6",3,21,15.2
"MT","6",3,20,15.2
"MT","6",3,19,15.7
"MT","6",3,18,45.8
"MT","6",3,17,75.2
"MT","6",3,16,75.6
"MT","6",3,15,98.5
"MT","6",3,14,99.6
"MT","6",3,13,118.7
"MT","6",3,12,118.8
"MT","6",3,11,118.3
"MT","6",3,10,118.6
"MT","6",3,9,118.5
"MT","6",3,8,124.4
"MT","6",3,7,124.7
"MT","6",3,6,151
"MT","6",3,5,175.5
"MT","6",3,4,175.7
"MT","6",3,3,176.5
"MT","6",3,2,175.8
"MT","6",3,1,175.1
"MT","7",1,24,15.8
"MT","7",1,23,16.2
"MT","7",1,22,15.5
"MT","7",1,21,15.9
"MT","7",1,20,15.7
"MT","7",1,19,14.5
"MT","7",1,18,44.3
"MT","7",1,17,76
"MT","7",1,16,76.3
"MT","7",1,15,101.1
"MT","7",1,14,101.4
"MT","7",1,13,124.6
"MT","7",1,12,124.8
"MT","7",1,11,132.9
"MT","7",1,10,132.9
"MT","7",1,9,133.5
"MT","7",1,8,133.4
"MT","7",1,7,132.7
"MT","7",1,6,148.8
"MT","7",1,5,175.8
"MT","7",1,4,176.1
"MT","7",1,3,176.3
"MT","7",1,2,176.1
"MT","7",1,1,175.7
"MT","7",2,15,4.9
"MT","7",2,14,5
"MT","7",2,13,15.3
"MT","7",2,12,15.3
"MT","7",2,11,14.7
"MT","7",2,10,14.9
"MT","7",2,9,15.2
"MT","7",2,8,15.3
"MT","7",2,7,15.3
"MT","7",2,6,15.5
"MT","7",2,5,15.3
"MT","7",2,4,45.7
"MT","7",2,3,45.3
"MT","7",2,2,139.9
"MT","7",2,1,200.8
"MT","7",3,24,5.8
"MT","7",3,23,15.8
"MT","7",3,22,15.2
"MT","7",3,21,15.3
"MT","7",3,20,44.5
"MT","7",3,19,52.2
"MT","7",3,18,52.2
"MT","7",3,17,76.1
"MT","7",3,16,99.7
"MT","7",3,15,124.9
"MT","7",3,14,125.7
"MT","7",3,13,125.7
"MT","7",3,12,125.5
"MT","7",3,11,146.1
"MT","7",3,10,145.8
"MT","7",3,9,151
"MT","7",3,8,175.2
"MT","7",3,7,175.7
"MT","7",3,6,176.4
"MT","7",3,5,200.8
"MT","7",3,4,250
"MT","7",3,3,250.4
"MT","7",3,2,250.6
"MT","7",3,1,501
"MT","8",1,24,16.4
"MT","8",1,23,15.9
"MT","8",1,22,15.8
"MT","8",1,21,15.1
"MT","8",1,20,16.1
"MT","8",1,19,15.1
"MT","8",1,18,45.8
"MT","8",1,17,75
"MT","8",1,16,75.1
"MT","8",1,15,100.5
"MT","8",1,14,99.8
"MT","8",1,13,122.2
"MT","8",1,12,122.9
"MT","8",1,11,122.5
"MT","8",1,10,122.5
"MT","8",1,9,123.1
"MT","8",1,8,124.6
"MT","8",1,7,123.8
"MT","8",1,6,150.5
"MT","8",1,5,175.8
"MT","8",1,4,175.6
"MT","8",1,3,176
"MT","8",1,2,176.7
"MT","8",1,1,176
"MT","8",2,24,5.1
"MT","8",2,23,14.7
"MT","8",2,22,15.6
"MT","8",2,21,14.9
"MT","8",2,20,15.3
"MT","8",2,19,15.2
"MT","8",2,18,14.6
"MT","8",2,17,15.7
"MT","8",2,16,15.7
"MT","8",2,15,15.1
"MT","8",2,14,15.5
"MT","8",2,13,45.4
"MT","8",2,12,75
"MT","8",2,11,100.4
"MT","8",2,10,110.6
"MT","8",2,9,110.3
"MT","8",2,8,124.6
"MT","8",2,7,150
"MT","8",2,6,176.2
"MT","8",2,5,176.7
"MT","8",2,4,200.2
"MT","8",2,3,250.3
"MT","8",2,2,499.7
"MT","8",2,1,500.3
"MT","9",1,10,15.1
"MT","9",1,9,14.8
"MT","9",1,8,15.1
"MT","9",1,7,15.4
"MT","9",1,6,14.7
"MT","9",1,5,15.6
"MT","9",1,4,15.3
"MT","9",1,3,15.1
"MT","9",1,2,15.2
"MT","9",1,1,15.5
"MT","9",2,24,15.9
"MT","9",2,23,14.5
"MT","9",2,22,14.5
"MT","9",2,21,15.5
"MT","9",2,20,15.1
"MT","9",2,19,15.5
"MT","9",2,18,45.9
"MT","9",2,17,75.4
"MT","9",2,16,74.5
"MT","9",2,15,99.6
"MT","9",2,14,101.2
"MT","9",2,13,109.6
"MT","9",2,12,110.4
"MT","9",2,11,110
"MT","9",2,10,110.6
"MT","9",2,9,111
"MT","9",2,8,125.5
"MT","9",2,7,125.2
"MT","9",2,6,150.7
"MT","9",2,5,174.8
"MT","9",2,4,175.1
"MT","9",2,3,175.2
"MT","9",2,2,175.5
"MT","9",2,1,175.8
"MT","9",3,24,5.7
"MT","9",3,23,15.5
"MT","9",3,22,15.4
"MT","9",3,21,15.6
"MT","9",3,20,44.3
"MT","9",3,19,48.5
"MT","9",3,18,48.5
"MT","9",3,17,75.9
"MT","9",3,16,100.6
"MT","9",3,15,111.8
"MT","9",3,14,110.6
"MT","9",3,13,111.1
"MT","9",3,12,124.6
"MT","9",3,11,131.4
"MT","9",3,10,130.2
"MT","9",3,9,150.8
"MT","9",3,8,175.1
"MT","9",3,7,175.3
"MT","9",3,6,175.4
"MT","9",3,5,199.4
"MT","9",3,4,251.7
"MT","9",3,3,251.4
"MT","9",3,2,251.4
"MT","9",3,1,500.7
"MT","10",1,24,4.1
"MT","10",1,23,14.8
"MT","10",1,22,15.1
"MT","10",1,21,15
"MT","10",1,20,15.1
"MT","10",1,19,15.7
"MT","10",1,18,15.6
"MT","10",1,17,15.9
"MT","10",1,16,15.2
"MT","10",1,15,15.2
"MT","10",1,14,45
"MT","10",1,13,74.5
"MT","10",1,12,99.1
"MT","10",1,11,123.5
"MT","10",1,10,123.7
"MT","10",1,9,123.5
"MT","10",1,8,124.7
"MT","10",1,7,149.9
"MT","10",1,6,175.2
"MT","10",1,5,175.5
"MT","10",1,4,200.4
"MT","10",1,3,250.9
"MT","10",1,2,501
"MT","10",1,1,502.4
"MT","10",2,24,16
"MT","10",2,23,16.6
"MT","10",2,22,16.5
"MT","10",2,21,16.4
"MT","10",2,20,15.8
"MT","10",2,19,16.3
"MT","10",2,18,45
"MT","10",2,17,75.9
"MT","10",2,16,75.3
"MT","10",2,15,100.4
"MT","10",2,14,100.5
"MT","10",2,13,110.4
"MT","10",2,12,110
"MT","10",2,11,110.5
"MT","10",2,10,110.5
"MT","10",2,9,110.5
"MT","10",2,8,124.3
"MT","10",2,7,125
"MT","10",2,6,149.3
"MT","10",2,5,175.6
"MT","10",2,4,175.5
"MT","10",2,3,175
"MT","10",2,2,175.6
"MT","10",2,1,176.9
"MT","11",1,24,5.5
"MT","11",1,23,15
"MT","11",1,22,15.4
"MT","11",1,21,15.4
"MT","11",1,20,46
"MT","11",1,19,52.6
"MT","11",1,18,51.8
"MT","11",1,17,76.3
"MT","11",1,16,100.8
"MT","11",1,15,108.9
"MT","11",1,14,109.3
"MT","11",1,13,108.2
"MT","11",1,12,126
"MT","11",1,11,130.6
"MT","11",1,10,130.8
"MT","11",1,9,150.6
"MT","11",1,8,175
"MT","11",1,7,174.9
"MT","11",1,6,175.1
"MT","11",1,5,200.4
"MT","11",1,4,249.7
"MT","11",1,3,248.8
"MT","11",1,2,248.4
"MT","11",1,1,499.5
"MT","11",2,24,15.9
"MT","11",2,23,15.8
"MT","11",2,22,15.7
"MT","11",2,21,16.2
"MT","11",2,20,16
"MT","11",2,19,46
"MT","11",2,18,75.9
"MT","11",2,17,74.8
"MT","11",2,16,76.4
"MT","11",2,15,99.3
"MT","11",2,14,100.6
"MT","11",2,13,110.7
"MT","11",2,12,110.3
"MT","11",2,11,110.7
"MT","11",2,10,111
"MT","11",2,9,110.6
"MT","11",2,8,125
"MT","11",2,7,125
"MT","11",2,6,150.3
"MT","11",2,5,175.8
"MT","11",2,4,175.9
"MT","11",2,3,175.1
"MT","11",2,2,176
"MT","11",2,1,175.9
"MT","11",3,24,5.3
"MT","11",3,23,4.6
"MT","11",3,22,15.7
"MT","11",3,21,13.6
"MT","11",3,20,15
"MT","11",3,19,14.4
"MT","11",3,18,14.9
"MT","11",3,17,14.6
"MT","11",3,16,14.7
"MT","11",3,15,14.9
"MT","11",3,14,14.7
"MT","11",3,13,14.8
"MT","11",3,12,14.3
"MT","11",3,11,15.1
"MT","11",3,10,14
"MT","11",3,9,14.7
"MT","11",3,8,15.2
"MT","11",3,7,15.1
"MT","11",3,6,15.2
"MT","11",3,5,14.1
"MT","11",3,4,13.6
"MT","11",3,3,44.8
"MT","11",3,2,46.2
"MT","11",3,1,96
"MT","12",1,24,16
"MT","12",1,23,15.2
"MT","12",1,22,15.8
"MT","12",1,21,15.6
"MT","12",1,20,15.3
"MT","12",1,19,15.4
"MT","12",1,18,46.1
"MT","12",1,17,75.4
"MT","12",1,16,75.7
"MT","12",1,15,100.8
"MT","12",1,14,99.8
"MT","12",1,13,103.2
"MT","12",1,12,103.6
"MT","12",1,11,103.9
"MT","12",1,10,103.5
"MT","12",1,9,102.3
"MT","12",1,8,126
"MT","12",1,7,125.7
"MT","12",1,6,150.4
"MT","12",1,5,175.2
"MT","12",1,4,175.2
"MT","12",1,3,175.4
"MT","12",1,2,175.6
"MT","12",1,1,175.2
"MT","12",2,20,5.3
"MT","12",2,19,14.5
"MT","12",2,18,15
"MT","12",2,17,14.5
"MT","12",2,16,44.9
"MT","12",2,15,75
"MT","12",2,14,75
"MT","12",2,13,98
"MT","12",2,12,98.3
"MT","12",2,11,98.4
"MT","12",2,10,100.5
"MT","12",2,9,126.4
"MT","12",2,8,150.2
"MT","12",2,7,175.6
"MT","12",2,6,175
"MT","12",2,5,175.4
"MT","12",2,4,199.8
"MT","12",2,3,250.1
"MT","12",2,2,499.9
"MT","12",2,1,499.9
"MT","13",1,24,6.1
"MT","13",1,23,14.6
"MT","13",1,22,14.4
"MT","13",1,21,15.6
"MT","13",1,20,15.9
"MT","13",1,19,15.1
"MT","13",1,18,16.3
"MT","13",1,17,15.2
"MT","13",1,16,15.3
"MT","13",1,15,14.5
"MT","13",1,14,15.7
"MT","13",1,13,15.1
"MT","13",1,12,15.3
"MT","13",1,11,14.2
"MT","13",1,10,46
"MT","13",1,9,75.3
"MT","13",1,8,101.9
"MT","13",1,7,104.1
"MT","13",1,6,125.1
"MT","13",1,5,150.7
"MT","13",1,4,174.4
"MT","13",1,3,201.4
"MT","13",1,2,249.3
"MT","13",1,1,499.6
"MT","13",2,24,15.2
"MT","13",2,23,16.1
"MT","13",2,22,44
"MT","13",2,21,75.3
"MT","13",2,20,75.8
"MT","13",2,19,102
"MT","13",2,18,101.9
"MT","13",2,17,101.8
"MT","13",2,16,101.2
"MT","13",2,15,101
"MT","13",2,14,101.2
"MT","13",2,13,110
"MT","13",2,12,109.1
"MT","13",2,11,109.6
"MT","13",2,10,109.3
"MT","13",2,9,110.3
"MT","13",2,8,123.7
"MT","13",2,7,122.5
"MT","13",2,6,154.6
"MT","13",2,5,172.6
"MT","13",2,4,174.7
"MT","13",2,3,175.3
"MT","13",2,2,174.5
"MT","13",2,1,174.7
"MT","13",3,24,15.7
"MT","13",3,23,13.4
"MT","13",3,22,14.8
"MT","13",3,21,14.6
"MT","13",3,20,15.7
"MT","13",3,19,15.3
"MT","13",3,18,15.4
"MT","13",3,17,15.4
"MT","13",3,16,15
"MT","13",3,15,14.6
"MT","13",3,14,15.3
"MT","13",3,13,15.1
"MT","13",3,12,15.3
"MT","13",3,11,15.7
"MT","13",3,10,15.2
"MT","13",3,9,15.7
"MT","13",3,8,15.2
"MT","13",3,7,15.3
"MT","13",3,6,15.2
"MT","13",3,5,15
"MT","13",3,4,13.8
"MT","13",3,3,14.7
"MT","13",3,2,15
"MT","13",3,1,15.3
"MT","14",1,18,3.9
"MT","14",1,17,14.4
"MT","14",1,16,14.1
"MT","14",1,15,14.1
"MT","14",1,14,45.3
"MT","14",1,13,75.9
"MT","14",1,12,100.4
"MT","14",1,11,104.8
"MT","14",1,10,105.5
"MT","14",1,9,104.8
"MT","14",1,8,125.4
"MT","14",1,7,149.2
"MT","14",1,6,175.1
"MT","14",1,5,174.9
"MT","14",1,4,200
"MT","14",1,3,250.1
"MT","14",1,2,500.5
"MT","14",1,1,500.7
"MT","14",2,24,15.8
"MT","14",2,23,15.3
"MT","14",2,22,15.3
"MT","14",2,21,15
"MT","14",2,20,15
"MT","14",2,19,15.3
"MT","14",2,18,45.5
"MT","14",2,17,75
"MT","14",2,16,76
"MT","14",2,15,101.3
"MT","14",2,14,101.1
"MT","14",2,13,105.5
"MT","14",2,12,105.1
"MT","14",2,11,105.3
"MT","14",2,10,105.5
"MT","14",2,9,104.9
"MT","14",2,8,124.7
"MT","14",2,7,125.7
"MT","14",2,6,150.3
"MT","14",2,5,175.2
"MT","14",2,4,175.5
"MT","14",2,3,175.8
"MT","14",2,2,175.2
"MT","14",2,1,175.6
"MC","15",1,4,15.4
"MC","15",1,3,15.1
"MC","15",1,2,111.7
"MC","15",1,1,111.7
"MC","15",2,24,83.7
"MC","15",2,23,88.7
"MC","15",2,22,93.3
"MC","15",2,21,98.8
"MC","15",2,20,103.5
"MC","15",2,19,108.6
"MC","15",2,18,112.3
"MC","15",2,17,112.2
"MC","15",2,16,112.3
"MC","15",2,15,112.7
"MC","15",2,14,112.2
"MC","15",2,13,112.5
"MC","15",2,12,112.4
"MC","15",2,11,112.1
"MC","15",2,10,112.7
"MC","15",2,9,112.6
"MC","15",2,8,118.5
"MC","15",2,7,122.6
"MC","15",2,6,127.6
"MC","15",2,5,132.9
"MC","15",2,4,137.8
"MC","15",2,3,143.2
"MC","15",2,2,148.2
"MC","15",2,1,151.9
"MC","15",3,24,15.5
"MC","15",3,23,15.7
"MC","15",3,22,14.8
"MC","15",3,21,15.7
"MC","15",3,20,15.8
"MC","15",3,19,15.5
"MC","15",3,18,15.6
"MC","15",3,17,15.6
"MC","15",3,16,15.3
"MC","15",3,15,75.1
"MC","15",3,14,80.1
"MC","15",3,13,85.5
"MC","15",3,12,90.5
"MC","15",3,11,95.3
"MC","15",3,10,99.9
"MC","15",3,9,105.1
"MC","15",3,8,110.5
"MC","15",3,7,115.2
"MC","15",3,6,120.3
"MC","15",3,5,125.3
"MC","15",3,4,130.4
"MC","15",3,3,135.6
"MC","15",3,2,140.4
"MC","15",3,1,145.9
"MC","L1",1,24,20.4
"MC","L1",1,23,19.9
"MC","L1",1,22,20.4
"MC","L1",1,21,40.5
"MC","L1",1,20,40.2
"MC","L1",1,19,40.6
"MC","L1",1,18,60
"MC","L1",1,17,60.4
"MC","L1",1,16,60.2
"MC","L1",1,15,80.2
"MC","L1",1,14,80.1
"MC","L1",1,13,79.4
"MC","L1",1,12,99.4
"MC","L1",1,11,98.9
"MC","L1",1,10,99.1
"MC","L1",1,9,120.1
"MC","L1",1,8,119.7
"MC","L1",1,7,120.2
"MC","L1",1,6,139.9
"MC","L1",1,5,139.9
"MC","L1",1,4,160.3
"MC","L1",1,3,161
"MC","L1",1,2,180.8
"MC","L1",1,1,179.9
"MC","L1",2,24,25.4
"MC","L1",2,23,25.6
"MC","L1",2,22,25.5
"MC","L1",2,21,25.6
"MC","L1",2,20,25.2
"MC","L1",2,19,25.3
"MC","L1",2,18,24.7
"MC","L1",2,17,24.9
"MC","L1",2,16,25.2
"MC","L1",2,15,25.1
"MC","L1",2,14,25.4
"MC","L1",2,13,25.2
"MC","L1",2,12,100.2
"MC","L1",2,11,100.4
"MC","L1",2,10,100.2
"MC","L1",2,9,100.1
"MC","L1",2,8,100.1
"MC","L1",2,7,100.4
"MC","L1",2,6,100.1
"MC","L1",2,5,100.6
"MC","L1",2,4,100.2
"MC","L1",2,3,100.8
"MC","L1",2,2,100.3
"MC","L1",2,1,100.2
"MC","L1",3,23,5.2
"MC","L1",3,22,4.8
"MC","L1",3,21,4.8
"MC","L1",3,20,25.2
"MC","L1",3,19,25.4
"MC","L1",3,18,25.6
"MC","L1",3,17,44.7
"MC","L1",3,16,44.4
"MC","L1",3,15,45.2
"MC","L1",3,14,75.2
"MC","L1",3,13,74.7
"MC","L1",3,12,74.5
"MC","L1",3,11,99.9
"MC","L1",3,10,100
"MC","L1",3,9,99.9
"MC","L1",3,8,107.5
"MC","L1",3,7,106.9
"MC","L1",3,6,107.5
"MC","L1",3,5,125
"MC","L1",3,4,125.1
"MC","L1",3,3,125.2
"MC","L1",3,2,151
"MC","L1",3,1,174.7
"MC","L1",4,15,14.8
"MC","L1",4,14,14.8
"MC","L1",4,13,14.9
"MC","L1",4,12,14.8
"MC","L1",4,11,14.4
"MC","L1",4,10,14.1
"MC","L1",4,9,14.2
"MC","L1",4,8,15
"MC","L1",4,7,101.1
"MC","L1",4,6,101.1
"MC","L1",4,5,101.3
"MC","L1",4,4,102
"MC","L1",4,3,101.6
"MC","L1",4,2,101.6
"MC","L1",4,1,101.3
"MC","L1",5,12,14.9
"MC","L1",5,11,14.2
"MC","L1",5,10,14.7
"MC","L1",5,9,15.1
"MC","L1",5,8,14.7
"MC","L1",5,7,14.9
"MC","L1",5,6,700.1
"MC","L1",5,5,699.4
"MC","L1",5,4,699.4
"MC","L1",5,3,699.7
"MC","L1",5,2,699.5
"MC","L1",5,1,699.5
"MC","L1",6,23,5.7
"MC","L1",6,22,14.5
"MC","L1",6,21,15
"MC","L1",6,20,14.6
"MC","L1",6,19,15.2
"MC","L1",6,18,15.4
"MC","L1",6,17,14.8
"MC","L1",6,16,44.6
"MC","L1",6,15,75.2
"MC","L1",6,14,100.2
"MC","L1",6,13,109.4
"MC","L1",6,12,109.4
"MC","L1",6,11,109.2
"MC","L1",6,10,109
"MC","L1",6,9,109.4
"MC","L1",6,8,108.6
"MC","L1",6,7,108.4
"MC","L1",6,6,109.3
"MC","L1",6,5,124.2
"MC","L1",6,4,150.1
"MC","L1",6,3,175.5
"MC","L1",6,2,250
"MC","L1",6,1,400.5
"MC","L1",7,24,15
"MC","L1",7,23,14.9
"MC","L1",7,22,14.9
"MC","L1",7,21,15
"MC","L1",7,20,14.3
"MC","L1",7,19,15
"MC","L1",7,18,14.9
"MC","L1",7,17,14.3
"MC","L1",7,16,15.4
"MC","L1",7,15,15.1
"MC","L1",7,14,14.2
"MC","L1",7,13,14.8
"MC","L1",7,12,14.7
"MC","L1",7,11,15.2
"MC","L1",7,10,15.3
"MC","L1",7,9,15.1
"MC","L1",7,8,15.2
"MC","L1",7,7,15.5
"MC","L1",7,6,14.6
"MC","L1",7,5,15.4
"MC","L1",7,4,15.1
"MC","L1",7,3,14.6
"MC","L1",7,2,14.8
"MC","L1",7,1,14.8
"MC","L1",8,24,14.8
"MC","L1",8,23,14.6
"MC","L1",8,22,14.9
"MC","L1",8,21,14.6
"MC","L1",8,20,15.2
"MC","L1",8,19,14.8
"MC","L1",8,18,15
"MC","L1",8,17,14.9
"MC","L1",8,16,14.8
"MC","L1",8,15,14.4
"MC","L1",8,14,14.7
"MC","L1",8,13,14.7
"MC","L1",8,12,14.2
"MC","L1",8,11,15.2
"MC","L1",8,10,14.8
"MC","L1",8,9,14.6
"MC","L1",8,8,15.2
"MC","L1",8,7,14.8
"MC","L1",8,6,15.2
"MC","L1",8,5,15.2
"MC","L1",8,4,15.1
"MC","L1",8,3,14.6
"MC","L1",8,2,15
"MC","L1",8,1,14.9
"MC","L1",9,23,5.5
"MC","L1",9,22,15.1
"MC","L1",9,21,15.4
"MC","L1",9,20,15
"MC","L1",9,19,15.2
"MC","L1",9,18,14.6
"MC","L1",9,17,14.8
"MC","L1",9,16,14.8
"MC","L1",9,15,14.4
"MC","L1",9,14,14.6
"MC","L1",9,13,15
"MC","L1",9,12,14.8
"MC","L1",9,11,14.4
"MC","L1",9,10,14.4
"MC","L1",9,9,15.1
"MC","L1",9,8,14.8
"MC","L1",9,7,101.1
"MC","L1",9,6,102.4
"MC","L1",9,5,101.8
"MC","L1",9,4,102
"MC","L1",9,3,101.5
"MC","L1",9,2,101.4
"MC","L1",9,1,102.2
"MC","L1",10,23,15.3
"MC","L1",10,22,14.9
"MC","L1",10,21,14.8
"MC","L1",10,20,14.9
"MC","L1",10,19,15.4
"MC","L1",10,18,14.9
"MC","L1",10,17,15.2
"MC","L1",10,16,15.3
"MC","L1",10,15,15.2
"MC","L1",10,14,14.6
"MC","L1",10,13,14.8
"MC","L1",10,12,14.4
"MC","L1",10,11,15.1
"MC","L1",10,10,15
"MC","L1",10,9,14.6
"MC","L1",10,8,14.3
"MC","L1",10,7,106
"MC","L1",10,6,106.3
"MC","L1",10,5,105.8
"MC","L1",10,4,106.5
"MC","L1",10,3,105.5
"MC","L1",10,2,105.3
"MC","L1",10,1,105.8
"MC","L1",11,24,15.7
"MC","L1",11,23,15.4
"MC","L1",11,22,15.3
"MC","L1",11,21,15.4
"MC","L1",11,20,15.6
"MC","L1",11,19,15.3
"MC","L1",11,18,15
"MC","L1",11,17,57.9
"MC","L1",11,16,57.5
"MC","L1",11,15,93.9
"MC","L1",11,14,93.1
"MC","L1",11,13,92.9
"MC","L1",11,12,93.4
"MC","L1",11,11,93.3
"MC","L1",11,10,93.9
"MC","L1",11,9,93.5
"MC","L1",11,8,98.1
"MC","L1",11,7,98
"MC","L1",11,6,118.7
"MC","L1",11,5,118.3
"MC","L1",11,4,175.6
"MC","L1",11,3,175.7
"MC","L1",11,2,250.3
"MC","L1",11,1,250.6
"MC","L1",12,24,5.1
"MC","L1",12,23,5
"MC","L1",12,22,15.4
"MC","L1",12,21,15.5
"MC","L1",12,20,15.2
"MC","L1",12,19,14.5
"MC","L1",12,18,15
"MC","L1",12,17,14.9
"MC","L1",12,16,15.1
"MC","L1",12,15,15.3
"MC","L1",12,14,15.6
"MC","L1",12,13,14.9
"MC","L1",12,12,15.1
"MC","L1",12,11,14.9
"MC","L1",12,10,15.1
"MC","L1",12,9,15.6
"MC","L1",12,8,14.7
"MC","L1",12,7,15.3
"MC","L1",12,6,15.6
"MC","L1",12,5,15.4
"MC","L1",12,4,15.4
"MC","L1",12,3,15.2
"MC","L1",12,2,45.1
"MC","L1",12,1,45.1
"MC","L1",13,22,15.4
"MC","L1",13,21,15.2
"MC","L1",13,20,15.8
"MC","L1",13,19,14.9
"MC","L1",13,18,15.2
"MC","L1",13,17,15.1
"MC","L1",13,16,14.9
"MC","L1",13,15,15.2
"MC","L1",13,14,111
"MC","L1",13,13,110.8
"MC","L1",13,12,110.2
"MC","L1",13,11,110.5
"MC","L1",13,10,110.8
"MC","L1",13,9,110.5
"MC","L1",13,8,110.6
"MC","L1",13,7,110
"MC","L1",13,6,134.2
"MC","L1",13,5,148.8
"MC","L1",13,4,174.9
"MC","L1",13,3,200
"MC","L1",13,2,225.3
"MC","L1",13,1,301
"MC","L1",14,23,4
"MC","L1",14,22,5.3
"MC","L1",14,21,4.9
"MC","L1",14,20,25.3
"MC","L1",14,19,25.4
"MC","L1",14,18,25.8
"MC","L1",14,17,45
"MC","L1",14,16,45.7
"MC","L1",14,15,45.7
"MC","L1",14,14,74.8
"MC","L1",14,13,74.7
"MC","L1",14,12,74.7
"MC","L1",14,11,100.4
"MC","L1",14,10,100.2
"MC","L1",14,9,100
"MC","L1",14,8,107.7
"MC","L1",14,7,108.3
"MC","L1",14,6,108.5
"MC","L1",14,5,125
"MC","L1",14,4,124.7
"MC","L1",14,3,124.4
"MC","L1",14,2,150.1
"MC","L1",14,1,175.2
"MC","L1",15,14,15.6
"MC","L1",15,13,14.9
"MC","L1",15,12,15.2
"MC","L1",15,11,14.4
"MC","L1",15,10,15.2
"MC","L1",15,9,15.1
"MC","L1",15,8,15.1
"MC","L1",15,7,102.7
"MC","L1",15,6,102.5
"MC","L1",15,5,103.2
"MC","L1",15,4,103.1
"MC","L1",15,3,103
"MC","L1",15,2,102.6
"MC","L1",15,1,102.2
"MC","L1",16,17,14.7
"MC","L1",16,16,15
"MC","L1",16,15,15.6
"MC","L1",16,14,15.4
"MC","L1",16,13,15.7
"MC","L1",16,12,15.7
"MC","L1",16,11,15.1
"MC","L1",16,10,15.9
"MC","L1",16,9,15.1
"MC","L1",16,8,117.2
"MC","L1",16,7,116.8
"MC","L1",16,6,117
"MC","L1",16,5,116.3
"MC","L1",16,4,116
"MC","L1",16,3,116
"MC","L1",16,2,116.5
"MC","L1",16,1,115.9
"MC","L1",17,24,14.9
"MC","L1",17,23,15.3
"MC","L1",17,22,15.3
"MC","L1",17,21,14.7
"MC","L1",17,20,14.5
"MC","L1",17,19,15.3
"MC","L1",17,18,15
"MC","L1",17,17,14.7
"MC","L1",17,16,15
"MC","L1",17,15,14.6
"MC","L1",17,14,14.1
"MC","L1",17,13,15.3
"MC","L1",17,12,15.5
"MC","L1",17,11,15.3
"MC","L1",17,10,14.2
"MC","L1",17,9,14.8
"MC","L1",17,8,101.5
"MC","L1",17,7,102.2
"MC","L1",17,6,102.2
"MC","L1",17,5,102.7
"MC","L1",17,4,102.3
"MC","L1",17,3,101.6
"MC","L1",17,2,102.3
"MC","L1",17,1,101.6
"MC","L1",18,22,5.4
"MC","L1",18,21,15
"MC","L1",18,20,15.4
"MC","L1",18,19,15.1
"MC","L1",18,18,14.9
"MC","L1",18,17,15.7
"MC","L1",18,16,15.2
"MC","L1",18,15,15.8
"MC","L1",18,14,45.6
"MC","L1",18,13,75.1
"MC","L1",18,12,112.6
"MC","L1",18,11,112.5
"MC","L1",18,10,111.9
"MC","L1",18,9,113
"MC","L1",18,8,111.2
"MC","L1",18,7,113
"MC","L1",18,6,112.7
"MC","L1",18,5,125.2
"MC","L1",18,4,150.1
"MC","L1",18,3,175.5
"MC","L1",18,2,300.7
"MC","L1",18,1,700.8
"MC","L1",19,24,16.6
"MC","L1",19,23,15.6
"MC","L1",19,22,16
"MC","L1",19,21,15.8
"MC","L1",19,20,16
"MC","L1",19,19,15.1
"MC","L1",19,18,15.1
"MC","L1",19,17,60.6
"MC","L1",19,16,60.3
"MC","L1",19,15,102.6
"MC","L1",19,14,102.5
"MC","L1",19,13,107.8
"MC","L1",19,12,107.3
"MC","L1",19,11,107.9
"MC","L1",19,10,107.3
"MC","L1",19,9,107.1
"MC","L1",19,8,107.3
"MC","L1",19,7,107.7
"MC","L1",19,6,122.4
"MC","L1",19,5,122
"MC","L1",19,4,175.9
"MC","L1",19,3,175.9
"MC","L1",19,2,250.9
"MC","L1",19,1,250
"MC","L1",20,24,4.8
"MC","L1",20,23,5.1
"MC","L1",20,22,4.8
"MC","L1",20,21,25.2
"MC","L1",20,20,25.3
"MC","L1",20,19,24.8
"MC","L1",20,18,25.1
"MC","L1",20,17,26.3
"MC","L1",20,16,25.9
"MC","L1",20,15,44.3
"MC","L1",20,14,45.7
"MC","L1",20,13,45.5
"MC","L1",20,12,44.7
"MC","L1",20,11,44
"MC","L1",20,10,44.7
"MC","L1",20,9,75.3
"MC","L1",20,8,75.1
"MC","L1",20,7,75
"MC","L1",20,6,100
"MC","L1",20,5,100.6
"MC","L1",20,4,100.6
"MC","L1",20,3,124.7
"MC","L1",20,2,124.6
"MC","L1",20,1,124.5
"MC","L1",21,24,5.4
"MC","L1",21,23,4.9
"MC","L1",21,22,5.4
"MC","L1",21,21,5.4
"MC","L1",21,20,26
"MC","L1",21,19,25.9
"MC","L1",21,18,24.5
"MC","L1",21,17,45.1
"MC","L1",21,16,45.8
"MC","L1",21,15,45.9
"MC","L1",21,14,75.3
"MC","L1",21,13,75.1
"MC","L1",21,12,75.5
"MC","L1",21,11,100.7
"MC","L1",21,10,100.2
"MC","L1",21,9,100
"MC","L1",21,8,111.6
"MC","L1",21,7,112.2
"MC","L1",21,6,111.5
"MC","L1",21,5,124.9
"MC","L1",21,4,124.6
"MC","L1",21,3,124.8
"MC","L1",21,2,150.2
"MC","L1",21,1,174.8
"MC","L1",22,16,14.5
"MC","L1",22,15,14.9
"MC","L1",22,14,15.5
"MC","L1",22,13,15.4
"MC","L1",22,12,15.1
"MC","L1",22,11,15.4
"MC","L1",22,10,15.3
"MC","L1",22,9,14.6
"MC","L1",22,8,106.6
"MC","L1",22,7,106.6
"MC","L1",22,6,106.5
"MC","L1",22,5,107.3
"MC","L1",22,4,107.1
"MC","L1",22,3,107.1
"MC","L1",22,2,107.2
"MC","L1",22,1,106.8
"MC","L1",23,24,5.4
"MC","L1",23,23,15.5
"MC","L1",23,22,15.4
"MC","L1",23,21,16.2
"MC","L1",23,20,16.1
"MC","L1",23,19,15.3
"MC","L1",23,18,15.1
"MC","L1",23,17,15.6
"MC","L1",23,16,15.6
"MC","L1",23,15,44.7
"MC","L1",23,14,74.8
"MC","L1",23,13,101.7
"MC","L1",23,12,100.8
"MC","L1",23,11,101.1
"MC","L1",23,10,101.1
"MC","L1",23,9,101.6
"MC","L1",23,8,101.7
"MC","L1",23,7,101.1
"MC","L1",23,6,100.7
"MC","L1",23,5,124.9
"MC","L1",23,4,149.2
"MC","L1",23,3,174.3
"MC","L1",23,2,299.8
"MC","L1",23,1,700.4
"MC","L1",24,24,150.2
"MC","L1",24,23,150.1
"MC","L1",24,22,150
"MC","L1",24,21,150.4
"MC","L1",24,20,149.9
"MC","L1",24,19,150.2
"MC","L1",24,18,150.1
"MC","L1",24,17,149.7
"MC","L1",24,16,150
"MC","L1",24,15,150.2
"MC","L1",24,14,150.3
"MC","L1",24,13,149.7
"MC","L1",24,12,149.8
"MC","L1",24,11,149.8
"MC","L1",24,10,149.7
"MC","L1",24,9,150
"MC","L1",24,8,150
"MC","L1",24,7,149.7
"MC","L1",24,6,149.7
"MC","L1",24,5,150.1
"MC","L1",24,4,150.5
"MC","L1",24,3,150.6
"MC","L1",24,2,149.8
"MC","L1",24,1,149.5
"MC","L1",25,23,5
"MC","L1",25,22,15.6
"MC","L1",25,21,15
"MC","L1",25,20,14.8
"MC","L1",25,19,15.1
"MC","L1",25,18,15.1
"MC","L1",25,17,14.7
"MC","L1",25,16,15.2
"MC","L1",25,15,44
"MC","L1",25,14,74.1
"MC","L1",25,13,109.8
"MC","L1",25,12,109.8
"MC","L1",25,11,109.8
"MC","L1",25,10,109.7
"MC","L1",25,9,110.1
"MC","L1",25,8,110.3
"MC","L1",25,7,109.6
"MC","L1",25,6,110
"MC","L1",25,5,125.6
"MC","L1",25,4,150.1
"MC","L1",25,3,175.4
"MC","L1",25,2,250.3
"MC","L1",25,1,400
"MC","L1",26,24,15.4
"MC","L1",26,23,14.8
"MC","L1",26,22,15.3
"MC","L1",26,21,15.5
"MC","L1",26,20,15.4
"MC","L1",26,19,15.4
"MC","L1",26,18,16.1
"MC","L1",26,17,15.2
"MC","L1",26,16,15.6
"MC","L1",26,15,15.9
"MC","L1",26,14,15.2
"MC","L1",26,13,14.9
"MC","L1",26,12,15.1
"MC","L1",26,11,15.5
"MC","L1",26,10,15.2
"MC","L1",26,9,15.6
"MC","L1",26,8,109.7
"MC","L1",26,7,108.6
"MC","L1",26,6,108.6
"MC","L1",26,5,109.8
"MC","L1",26,4,109.4
"MC","L1",26,3,109.3
"MC","L1",26,2,109.8
"MC","L1",26,1,109.5
"MC","L1",27,24,15.2
"MC","L1",27,23,15.3
"MC","L1",27,22,15
"MC","L1",27,21,15.8
"MC","L1",27,20,14.4
"MC","L1",27,19,15.5
"MC","L1",27,18,14.7
"MC","L1",27,17,15.2
"MC","L1",27,16,15.2
"MC","L1",27,15,14.7
"MC","L1",27,14,14.9
"MC","L1",27,13,14.6
"MC","L1",27,12,107.4
"MC","L1",27,11,107.5
"MC","L1",27,10,107.4
"MC","L1",27,9,107.8
"MC","L1",27,8,108
"MC","L1",27,7,107.4
"MC","L1",27,6,108.1
"MC","L1",27,5,107.4
"MC","L1",27,4,108
"MC","L1",27,3,107.9
"MC","L1",27,2,107.5
"MC","L1",27,1,107.3
"MC","L1",28,16,15.3
"MC","L1",28,15,15
"MC","L1",28,14,14.6
"MC","L1",28,13,15.4
"MC","L1",28,12,15
"MC","L1",28,11,15.2
"MC","L1",28,10,15
"MC","L1",28,9,15.2
"MC","L1",28,8,109.1
"MC","L1",28,7,109
"MC","L1",28,6,108.9
"MC","L1",28,5,109.3
"MC","L1",28,4,109.8
"MC","L1",28,3,109.3
"MC","L1",28,2,109.9
"MC","L1",28,1,110
"MC","L1",29,18,14.7
"MC","L1",29,17,15
"MC","L1",29,16,15.7
"MC","L1",29,15,15.1
"MC","L1",29,14,15.1
"MC","L1",29,13,14.8
"MC","L1",29,12,15.3
"MC","L1",29,11,14.9
"MC","L1",29,10,106.5
"MC","L1",29,9,106.2
"MC","L1",29,8,105.9
"MC","L1",29,7,106.4
"MC","L1",29,6,106.6
"MC","L1",29,5,106.8
"MC","L1",29,4,106.8
"MC","L1",29,3,106.3
"MC","L1",29,2,106.5
"MC","L1",29,1,107.2
"MC","L1",30,16,15.1
"MC","L1",30,15,15.4
"MC","L1",30,14,15.7
"MC","L1",30,13,15.2
"MC","L1",30,12,16.2
"MC","L1",30,11,14.9
"MC","L1",30,10,15.9
"MC","L1",30,9,16
"MC","L1",30,8,110
"MC","L1",30,7,109.3
"MC","L1",30,6,108.9
"MC","L1",30,5,110
"MC","L1",30,4,109.2
"MC","L1",30,3,109
"MC","L1",30,2,109.2
"MC","L1",30,1,110
"MC","L1",31,24,5.5
"MC","L1",31,23,5
"MC","L1",31,22,15.5
"MC","L1",31,21,15.5
"MC","L1",31,20,15.3
"MC","L1",31,19,15.7
"MC","L1",31,18,15.3
"MC","L1",31,17,14.8
"MC","L1",31,16,14.9
"MC","L1",31,15,15.6
"MC","L1",31,14,15.6
"MC","L1",31,13,15.1
"MC","L1",31,12,15
"MC","L1",31,11,15.6
"MC","L1",31,10,15.7
"MC","L1",31,9,15.8
"MC","L1",31,8,15.8
"MC","L1",31,7,15.2
"MC","L1",31,6,14.8
"MC","L1",31,5,15.6
"MC","L1",31,4,15.3
"MC","L1",31,3,15
"MC","L1",31,2,45.6
"MC","L1",31,1,45.6
"MC","L1",32,21,78.3
"MC","L1",32,20,83.4
"MC","L1",32,19,88.2
"MC","L1",32,18,88.5
"MC","L1",32,17,88.8
"MC","L1",32,16,88
"MC","L1",32,15,93
"MC","L1",32,14,98.4
"MC","L1",32,13,98
"MC","L1",32,12,98.8
"MC","L1",32,11,98.9
"MC","L1",32,10,103.7
"MC","L1",32,9,108.2
"MC","L1",32,8,113.7
"MC","L1",32,7,119.2
"MC","L1",32,6,122.9
"MC","L1",32,5,129.1
"MC","L1",32,4,133.3
"MC","L1",32,3,137.7
"MC","L1",32,2,142.9
"MC","L1",32,1,148.1
"MC","L1",33,24,73.6
"MC","L1",33,23,79.2
"MC","L1",33,22,85.1
"MC","L1",33,21,89.1
"MC","L1",33,20,94.6
"MC","L1",33,19,99.7
"MC","L1",33,18,103.5
"MC","L1",33,17,103.7
"MC","L1",33,16,103.5
"MC","L1",33,15,103.2
"MC","L1",33,14,109
"MC","L1",33,13,114.1
"MC","L1",33,12,114.8
"MC","L1",33,11,114.5
"MC","L1",33,10,114.3
"MC","L1",33,9,119
"MC","L1",33,8,124.4
"MC","L1",33,7,124.3
"MC","L1",33,6,124.8
"MC","L1",33,5,125
"MC","L1",33,4,129.6
"MC","L1",33,3,133.5
"MC","L1",33,2,139.1
"MC","L1",33,1,144.5
"MC","L2",1,21,92.6
"MC","L2",1,20,99.8
"MC","L2",1,19,102.5
"MC","L2",1,18,103.7
"MC","L2",1,17,102.4
"MC","L2",1,16,103.6
"MC","L2",1,15,109.2
"MC","L2",1,14,113.3
"MC","L2",1,13,113.5
"MC","L2",1,12,113.3
"MC","L2",1,11,112.8
"MC","L2",1,10,117.7
"MC","L2",1,9,123.5
"MC","L2",1,8,128.1
"MC","L2",1,7,133.7
"MC","L2",1,6,138.5
"MC","L2",1,5,143.2
"MC","L2",1,4,147.7
"MC","L2",1,3,153.2
"MC","L2",1,2,158.5
"MC","L2",1,1,163.8
"MC","L2",2,24,94.2
"MC","L2",2,23,97.9
"MC","L2",2,22,103.6
"MC","L2",2,21,108.4
"MC","L2",2,20,113.4
"MC","L2",2,19,118.6
"MC","L2",2,18,123.4
"MC","L2",2,17,123.3
"MC","L2",2,16,123.5
"MC","L2",2,15,123.7
"MC","L2",2,14,128.1
"MC","L2",2,13,132.9
"MC","L2",2,12,132.7
"MC","L2",2,11,133.2
"MC","L2",2,10,133
"MC","L2",2,9,138.5
"MC","L2",2,8,142.9
"MC","L2",2,7,143
"MC","L2",2,6,142.8
"MC","L2",2,5,142.7
"MC","L2",2,4,148.6
"MC","L2",2,3,152.6
"MC","L2",2,2,158
"MC","L2",2,1,163.3
"MC","L2",3,24,4.2
"MC","L2",3,23,4.7
"MC","L2",3,22,4.9
"MC","L2",3,21,4.6
"MC","L2",3,20,3.9
"MC","L2",3,19,4.2
"MC","L2",3,18,5.4
"MC","L2",3,17,4.5
"MC","L2",3,16,3.9
"MC","L2",3,15,5.1
"MC","L2",3,14,4.3
"MC","L2",3,13,4.6
"MC","L2",3,12,4.7
"MC","L2",3,11,4.5
"MC","L2",3,10,5
"MC","L2",3,9,4.7
"MC","L2",3,8,4.8
"MC","L2",3,7,4.6
"MC","L2",3,6,5.2
"MC","L2",3,5,4.7
"MC","L2",3,4,4.1
"MC","L2",3,3,4.7
"MC","L2",3,2,4.5
"MC","L2",3,1,4.6
"MC","L2",4,24,25.2
"MC","L2",4,23,25.4
"MC","L2",4,22,25
"MC","L2",4,21,24.7
"MC","L2",4,20,24.7
"MC","L2",4,19,24.9
"MC","L2",4,18,25.1
"MC","L2",4,17,25.2
"MC","L2",4,16,25.7
"MC","L2",4,15,25.7
"MC","L2",4,14,25.6
"MC","L2",4,13,25.9
"MC","L2",4,12,99.9
"MC","L2",4,11,100
"MC","L2",4,10,100.2
"MC","L2",4,9,100.2
"MC","L2",4,8,99.8
"MC","L2",4,7,100.4
"MC","L2",4,6,100.7
"MC","L2",4,5,101
"MC","L2",4,4,100.9
"MC","L2",4,3,100.8
"MC","L2",4,2,100.4
"MC","L2",4,1,100.4
"MC","L2",5,23,5
"MC","L2",5,22,5.3
"MC","L2",5,21,4.7
"MC","L2",5,20,24.8
"MC","L2",5,19,24.7
"MC","L2",5,18,24.6
"MC","L2",5,17,44.5
"MC","L2",5,16,44.7
"MC","L2",5,15,44.2
"MC","L2",5,14,75.4
"MC","L2",5,13,74.8
"MC","L2",5,12,75.5
"MC","L2",5,11,101.4
"MC","L2",5,10,100.8
"MC","L2",5,9,100.9
"MC","L2",5,8,124.7
"MC","L2",5,7,125.7
"MC","L2",5,6,125.7
"MC","L2",5,5,128.6
"MC","L2",5,4,128.3
"MC","L2",5,3,128.9
"MC","L2",5,2,150
"MC","L2",5,1,175.5
"MC","L2",6,16,15.4
"MC","L2",6,15,15.4
"MC","L2",6,14,15.8
"MC","L2",6,13,15.3
"MC","L2",6,12,15.5
"MC","L2",6,11,15.7
"MC","L2",6,10,15.2
"MC","L2",6,9,16
"MC","L2",6,8,125.8
"MC","L2",6,7,125.7
"MC","L2",6,6,126.5
"MC","L2",6,5,125.3
"MC","L2",6,4,125.7
"MC","L2",6,3,125.2
"MC","L2",6,2,125.8
"MC","L2",6,1,125.3
"MC","L2",7,8,700.4
"MC","L2",7,7,700.8
"MC","L2",7,6,700.1
"MC","L2",7,5,700.5
"MC","L2",7,4,700.5
"MC","L2",7,3,700.9
"MC","L2",7,2,700.4
"MC","L2",7,1,700.2
"MC","L2",8,24,4.9
"MC","L2",8,23,14.8
"MC","L2",8,22,15.5
"MC","L2",8,21,15.4
"MC","L2",8,20,14.8
"MC","L2",8,19,14.5
"MC","L2",8,18,15.4
"MC","L2",8,17,15
"MC","L2",8,16,15.4
"MC","L2",8,15,45.4
"MC","L2",8,14,75
"MC","L2",8,13,100.5
"MC","L2",8,12,119.1
"MC","L2",8,11,119.9
"MC","L2",8,10,119.5
"MC","L2",8,9,119.2
"MC","L2",8,8,119.2
"MC","L2",8,7,119.2
"MC","L2",8,6,119.2
"MC","L2",8,5,125.2
"MC","L2",8,4,150.3
"MC","L2",8,3,175.2
"MC","L2",8,2,250
"MC","L2",8,1,399.8
"MC","L2",9,24,14.9
"MC","L2",9,23,15.5
"MC","L2",9,22,15.8
"MC","L2",9,21,15.9
"MC","L2",9,20,15.2
"MC","L2",9,19,15.2
"MC","L2",9,18,14.9
"MC","L2",9,17,15.7
"MC","L2",9,16,15.3
"MC","L2",9,15,15.5
"MC","L2",9,14,15.2
"MC","L2",9,13,15.7
"MC","L2",9,12,15
"MC","L2",9,11,15
"MC","L2",9,10,15.8
"MC","L2",9,9,14.9
"MC","L2",9,8,15.3
"MC","L2",9,7,15.3
"MC","L2",9,6,15.2
"MC","L2",9,5,15.4
"MC","L2",9,4,15.5
"MC","L2",9,3,15.4
"MC","L2",9,2,15.7
"MC","L2",9,1,15.4
"MC","L2",10,24,15.6
"MC","L2",10,23,15.2
"MC","L2",10,22,15.6
"MC","L2",10,21,15.1
"MC","L2",10,20,14.6
"MC","L2",10,19,14.8
"MC","L2",10,18,14.9
"MC","L2",10,17,15.3
"MC","L2",10,16,15.2
"MC","L2",10,15,14.8
"MC","L2",10,14,15.5
"MC","L2",10,13,15.4
"MC","L2",10,12,15
"MC","L2",10,11,15
"MC","L2",10,10,14.9
"MC","L2",10,9,14.5
"MC","L2",10,8,15.2
"MC","L2",10,7,15.4
"MC","L2",10,6,15.2
"MC","L2",10,5,15
"MC","L2",10,4,15.1
"MC","L2",10,3,14.9
"MC","L2",10,2,15.3
"MC","L2",10,1,15.4
"MC","L2",11,24,5.6
"MC","L2",11,23,15.6
"MC","L2",11,22,15.5
"MC","L2",11,21,15.1
"MC","L2",11,20,15.2
"MC","L2",11,19,15.6
"MC","L2",11,18,14.8
"MC","L2",11,17,15.5
"MC","L2",11,16,16.2
"MC","L2",11,15,15.5
"MC","L2",11,14,15.4
"MC","L2",11,13,15.6
"MC","L2",11,12,15.5
"MC","L2",11,11,14.8
"MC","L2",11,10,15.7
"MC","L2",11,9,15.5
"MC","L2",11,8,15.3
"MC","L2",11,7,123.8
"MC","L2",11,6,123.7
"MC","L2",11,5,123.9
"MC","L2",11,4,124.2
"MC","L2",11,3,123.6
"MC","L2",11,2,123.8
"MC","L2",11,1,123.7
"MC","L2",12,19,5.5
"MC","L2",12,18,14.8
"MC","L2",12,17,15
"MC","L2",12,16,15.4
"MC","L2",12,15,15.2
"MC","L2",12,14,15.2
"MC","L2",12,13,15.7
"MC","L2",12,12,15.7
"MC","L2",12,11,14.9
"MC","L2",12,10,14.7
"MC","L2",12,9,128.2
"MC","L2",12,8,128.3
"MC","L2",12,7,127.8
"MC","L2",12,6,128
"MC","L2",12,5,128.1
"MC","L2",12,4,128.3
"MC","L2",12,3,128.1
"MC","L2",12,2,128.4
"MC","L2",12,1,128.7
"MC","L2",13,24,15.3
"MC","L2",13,23,15.2
"MC","L2",13,22,14.9
"MC","L2",13,21,14.5
"MC","L2",13,20,14.5
"MC","L2",13,19,15.4
"MC","L2",13,18,15.2
"MC","L2",13,17,48.5
"MC","L2",13,16,47.9
"MC","L2",13,15,109.2
"MC","L2",13,14,109.2
"MC","L2",13,13,112.6
"MC","L2",13,12,112.1
"MC","L2",13,11,112.2
"MC","L2",13,10,112.8
"MC","L2",13,9,113.1
"MC","L2",13,8,112.5
"MC","L2",13,7,112.6
"MC","L2",13,6,128.7
"MC","L2",13,5,129.1
"MC","L2",13,4,175.5
"MC","L2",13,3,174.6
"MC","L2",13,2,249.8
"MC","L2",13,1,249.3
"MC","L2",14,24,5.5
"MC","L2",14,23,5.9
"MC","L2",14,22,15.2
"MC","L2",14,21,15.3
"MC","L2",14,20,15.1
"MC","L2",14,19,15
"MC","L2",14,18,15.4
"MC","L2",14,17,15.3
"MC","L2",14,16,15.1
"MC","L2",14,15,15.2
"MC","L2",14,14,15.5
"MC","L2",14,13,14.9
"MC","L2",14,12,14.9
"MC","L2",14,11,15.4
"MC","L2",14,10,14.8
"MC","L2",14,9,15.3
"MC","L2",14,8,15.5
"MC","L2",14,7,15.3
"MC","L2",14,6,15
"MC","L2",14,5,15.4
"MC","L2",14,4,15.1
"MC","L2",14,3,15
"MC","L2",14,2,45.5
"MC","L2",14,1,45.3
"MC","L2",15,23,5.5
"MC","L2",15,22,14.8
"MC","L2",15,21,15.4
"MC","L2",15,20,15.1
"MC","L2",15,19,15.1
"MC","L2",15,18,15.2
"MC","L2",15,17,15.4
"MC","L2",15,16,15.1
"MC","L2",15,15,15.3
"MC","L2",15,14,119.1
"MC","L2",15,13,118.6
"MC","L2",15,12,118.1
"MC","L2",15,11,118.1
"MC","L2",15,10,118.5
"MC","L2",15,9,117.9
"MC","L2",15,8,118.1
"MC","L2",15,7,118.4
"MC","L2",15,6,135.5
"MC","L2",15,5,150.3
"MC","L2",15,4,175.2
"MC","L2",15,3,200.2
"MC","L2",15,2,225.3
"MC","L2",15,1,300.2
"MC","L2",16,23,5.5
"MC","L2",16,22,5.2
"MC","L2",16,21,5.4
"MC","L2",16,20,24.8
"MC","L2",16,19,25.2
"MC","L2",16,18,25.4
"MC","L2",16,17,45.5
"MC","L2",16,16,44.9
"MC","L2",16,15,45.7
"MC","L2",16,14,74.9
"MC","L2",16,13,75.2
"MC","L2",16,12,75.6
"MC","L2",16,11,100.3
"MC","L2",16,10,100.6
"MC","L2",16,9,100.2
"MC","L2",16,8,121.5
"MC","L2",16,7,120.9
"MC","L2",16,6,121.5
"MC","L2",16,5,126.4
"MC","L2",16,4,126.2
"MC","L2",16,3,125.8
"MC","L2",16,2,150.2
"MC","L2",16,1,175.5
"MC","L2",17,18,5.6
"MC","L2",17,17,14.9
"MC","L2",17,16,15.4
"MC","L2",17,15,15.2
"MC","L2",17,14,15.1
"MC","L2",17,13,14.8
"MC","L2",17,12,14.6
"MC","L2",17,11,15.1
"MC","L2",17,10,15.4
"MC","L2",17,9,125.7
"MC","L2",17,8,125.2
"MC","L2",17,7,125.6
"MC","L2",17,6,124.8
"MC","L2",17,5,125.3
"MC","L2",17,4,125.6
"MC","L2",17,3,125.3
"MC","L2",17,2,125.1
"MC","L2",17,1,125.7
"MC","L2",18,19,5.4
"MC","L2",18,18,15.3
"MC","L2",18,17,15.2
"MC","L2",18,16,15.4
"MC","L2",18,15,15.1
"MC","L2",18,14,15.2
"MC","L2",18,13,15.4
"MC","L2",18,12,15.2
"MC","L2",18,11,15.3
"MC","L2",18,10,15.3
"MC","L2",18,9,15.8
"MC","L2",18,8,136.3
"MC","L2",18,7,136.2
"MC","L2",18,6,136.4
"MC","L2",18,5,136
"MC","L2",18,4,135.9
"MC","L2",18,3,136.5
"MC","L2",18,2,136.2
"MC","L2",18,1,136.5
"MC","L2",19,24,5.4
"MC","L2",19,23,5.5
"MC","L2",19,22,15
"MC","L2",19,21,15.4
"MC","L2",19,20,15.4
"MC","L2",19,19,15.3
"MC","L2",19,18,15.1
"MC","L2",19,17,15.2
"MC","L2",19,16,15.4
"MC","L2",19,15,15.7
"MC","L2",19,14,15.4
"MC","L2",19,13,15.7
"MC","L2",19,12,15.7
"MC","L2",19,11,15.7
"MC","L2",19,10,15.4
"MC","L2",19,9,15.6
"MC","L2",19,8,128.4
"MC","L2",19,7,128
"MC","L2",19,6,128.1
"MC","L2",19,5,128.4
"MC","L2",19,4,127.8
"MC","L2",19,3,127.7
"MC","L2",19,2,133.6
"MC","L2",19,1,133.3
"MC","L2",20,24,5.9
"MC","L2",20,23,14.9
"MC","L2",20,22,15.7
"MC","L2",20,21,15.2
"MC","L2",20,20,15.6
"MC","L2",20,19,15.3
"MC","L2",20,18,15.2
"MC","L2",20,17,15.3
"MC","L2",20,16,15.2
"MC","L2",20,15,45.1
"MC","L2",20,14,74.9
"MC","L2",20,13,124.8
"MC","L2",20,12,128.3
"MC","L2",20,11,128.1
"MC","L2",20,10,128.2
"MC","L2",20,9,128.8
"MC","L2",20,8,128.4
"MC","L2",20,7,128
"MC","L2",20,6,128.3
"MC","L2",20,5,127.9
"MC","L2",20,4,150
"MC","L2",20,3,175.5
"MC","L2",20,2,300.6
"MC","L2",20,1,700.5
"MC","L2",21,24,15.3
"MC","L2",21,23,14.7
"MC","L2",21,22,14.4
"MC","L2",21,21,15.2
"MC","L2",21,20,15.1
"MC","L2",21,19,14.6
"MC","L2",21,18,14.8
"MC","L2",21,17,44.6
"MC","L2",21,16,44.7
"MC","L2",21,15,126.8
"MC","L2",21,14,126.7
"MC","L2",21,13,126.7
"MC","L2",21,12,127.4
"MC","L2",21,11,127.3
"MC","L2",21,10,126.9
"MC","L2",21,9,126.7
"MC","L2",21,8,131.2
"MC","L2",21,7,131.5
"MC","L2",21,6,150.9
"MC","L2",21,5,151.5
"MC","L2",21,4,175.8
"MC","L2",21,3,175.3
"MC","L2",21,2,250.2
"MC","L2",21,1,250.4
"MC","L2",22,24,5.2
"MC","L2",22,23,5
"MC","L2",22,22,5.7
"MC","L2",22,21,24.7
"MC","L2",22,20,25
"MC","L2",22,19,24.3
"MC","L2",22,18,24.7
"MC","L2",22,17,24.8
"MC","L2",22,16,25.5
"MC","L2",22,15,45.5
"MC","L2",22,14,44.9
"MC","L2",22,13,45.5
"MC","L2",22,12,45.5
"MC","L2",22,11,45.2
"MC","L2",22,10,45.5
"MC","L2",22,9,75.3
"MC","L2",22,8,75.7
"MC","L2",22,7,75.2
"MC","L2",22,6,100.4
"MC","L2",22,5,100.7
"MC","L2",22,4,100
"MC","L2",22,3,124.6
"MC","L2",22,2,125.6
"MC","L2",22,1,125.6
"MC","L2",23,24,5.2
"MC","L2",23,23,5.2
"MC","L2",23,22,5.2
"MC","L2",23,21,5.1
"MC","L2",23,20,25.6
"MC","L2",23,19,25.1
"MC","L2",23,18,24.9
"MC","L2",23,17,44.9
"MC","L2",23,16,45.5
"MC","L2",23,15,45.5
"MC","L2",23,14,75.8
"MC","L2",23,13,75.1
"MC","L2",23,12,75.2
"MC","L2",23,11,99.7
"MC","L2",23,10,100
"MC","L2",23,9,100.4
"MC","L2",23,8,120
"MC","L2",23,7,120.7
"MC","L2",23,6,120.8
"MC","L2",23,5,125.1
"MC","L2",23,4,125.6
"MC","L2",23,3,124.9
"MC","L2",23,2,150.4
"MC","L2",23,1,174.2
"MC","L2",24,16,14.7
"MC","L2",24,15,14.9
"MC","L2",24,14,15.1
"MC","L2",24,13,15.3
"MC","L2",24,12,15
"MC","L2",24,11,14.9
"MC","L2",24,10,14.8
"MC","L2",24,9,14.7
"MC","L2",24,8,123
"MC","L2",24,7,123.4
"MC","L2",24,6,123.3
"MC","L2",24,5,123.7
"MC","L2",24,4,124.2
"MC","L2",24,3,123.6
"MC","L2",24,2,123.5
"MC","L2",24,1,123.3
"MC","L2",25,18,14.9
"MC","L2",25,17,15.1
"MC","L2",25,16,14.9
"MC","L2",25,15,14.8
"MC","L2",25,14,14.8
"MC","L2",25,13,14.9
"MC","L2",25,12,15
"MC","L2",25,11,15.3
"MC","L2",25,10,14.8
"MC","L2",25,9,121.1
"MC","L2",25,8,120.5
"MC","L2",25,7,120.8
"MC","L2",25,6,121.1
"MC","L2",25,5,121
"MC","L2",25,4,121.5
"MC","L2",25,3,122.1
"MC","L2",25,2,122.2
"MC","L2",25,1,122.4
"MC","L2",26,24,6.4
"MC","L2",26,23,15.4
"MC","L2",26,22,15.2
"MC","L2",26,21,15.3
"MC","L2",26,20,15.2
"MC","L2",26,19,15
"MC","L2",26,18,15.1
"MC","L2",26,17,14.9
"MC","L2",26,16,44.8
"MC","L2",26,15,74.7
"MC","L2",26,14,100.3
"MC","L2",26,13,122.3
"MC","L2",26,12,123
"MC","L2",26,11,121.6
"MC","L2",26,10,122.6
"MC","L2",26,9,122.2
"MC","L2",26,8,121.9
"MC","L2",26,7,122.2
"MC","L2",26,6,121.9
"MC","L2",26,5,121.9
"MC","L2",26,4,149.6
"MC","L2",26,3,175.3
"MC","L2",26,2,250.3
"MC","L2",26,1,399.9
"MC","L2",27,24,15.6
"MC","L2",27,23,14.9
"MC","L2",27,22,14.8
"MC","L2",27,21,15.1
"MC","L2",27,20,14.4
"MC","L2",27,19,15.1
"MC","L2",27,18,15.3
"MC","L2",27,17,14.8
"MC","L2",27,16,15
"MC","L2",27,15,15.6
"MC","L2",27,14,15.4
"MC","L2",27,13,14.8
"MC","L2",27,12,15.7
"MC","L2",27,11,15.3
"MC","L2",27,10,14.8
"MC","L2",27,9,14.3
"MC","L2",27,8,122.2
"MC","L2",27,7,122.3
"MC","L2",27,6,122.1
"MC","L2",27,5,122.1
"MC","L2",27,4,121.9
"MC","L2",27,3,122.5
"MC","L2",27,2,122.2
"MC","L2",27,1,121.9
"MC","L2",28,24,13.8
"MC","L2",28,23,13.8
"MC","L2",28,22,14
"MC","L2",28,21,14.3
"MC","L2",28,20,14.5
"MC","L2",28,19,14.3
"MC","L2",28,18,14.3
"MC","L2",28,17,14.1
"MC","L2",28,16,14.3
"MC","L2",28,15,13.4
"MC","L2",28,14,14.6
"MC","L2",28,13,14.5
"MC","L2",28,12,123.3
"MC","L2",28,11,123.3
"MC","L2",28,10,123.1
"MC","L2",28,9,123.5
"MC","L2",28,8,122.9
"MC","L2",28,7,122.3
"MC","L2",28,6,123.5
"MC","L2",28,5,123.1
"MC","L2",28,4,123
"MC","L2",28,3,123.1
"MC","L2",28,2,123.1
"MC","L2",28,1,123
"MC","L2",29,19,14.9
"MC","L2",29,18,14.3
"MC","L2",29,17,14.3
"MC","L2",29,16,14.2
"MC","L2",29,15,13.6
"MC","L2",29,14,14.4
"MC","L2",29,13,14.2
"MC","L2",29,12,14.2
"MC","L2",29,11,13.7
"MC","L2",29,10,14.4
"MC","L2",29,9,14.6
"MC","L2",29,8,126.8
"MC","L2",29,7,126.6
"MC","L2",29,6,127.1
"MC","L2",29,5,126.7
"MC","L2",29,4,126.9
"MC","L2",29,3,126.9
"MC","L2",29,2,126.6
"MC","L2",29,1,127.2
"MC","L2",30,16,15
"MC","L2",30,15,14.4
"MC","L2",30,14,14.5
"MC","L2",30,13,14.8
"MC","L2",30,12,15.2
"MC","L2",30,11,15.8
"MC","L2",30,10,15.3
"MC","L2",30,9,15
"MC","L2",30,8,127.5
"MC","L2",30,7,126.8
"MC","L2",30,6,126.6
"MC","L2",30,5,126.1
"MC","L2",30,4,126.4
"MC","L2",30,3,125.9
"MC","L2",30,2,126
"MC","L2",30,1,126.5
"MC","L2",31,18,14.4
"MC","L2",31,17,15
"MC","L2",31,16,15.1
"MC","L2",31,15,15.1
"MC","L2",31,14,14.9
"MC","L2",31,13,15.2
"MC","L2",31,12,15.3
"MC","L2",31,11,15.6
"MC","L2",31,10,15.4
"MC","L2",31,9,122.8
"MC","L2",31,8,123.1
"MC","L2",31,7,122.9
"MC","L2",31,6,123.4
"MC","L2",31,5,123
"MC","L2",31,4,123.1
"MC","L2",31,3,123.2
"MC","L2",31,2,123.2
"MC","L2",31,1,122.5
"MC","L2",32,24,5.8
"MC","L2",32,23,6
"MC","L2",32,22,15.2
"MC","L2",32,21,15.3
"MC","L2",32,20,15.5
"MC","L2",32,19,15.3
"MC","L2",32,18,14.5
"MC","L2",32,17,14.5
"MC","L2",32,16,14.8
"MC","L2",32,15,15.1
"MC","L2",32,14,15
"MC","L2",32,13,15.1
"MC","L2",32,12,15.2
"MC","L2",32,11,14.8
"MC","L2",32,10,15.5
"MC","L2",32,9,15.2
"MC","L2",32,8,15.2
"MC","L2",32,7,15.4
"MC","L2",32,6,15.2
"MC","L2",32,5,14.5
"MC","L2",32,4,13.9
"MC","L2",32,3,14.9
"MC","L2",32,2,45.1
"MC","L2",32,1,45.4
