"compound_type","compound_name","compound_name_old","formula","rt","mz","ionization_form","charge","kegg_id","polarity","conc_um","date_added","mix","priority","peak_quality"
"Betaine","(3-Carboxypropyl)trimethylammonium","(3-Carboxypropyl)trimethylammonium (TMAB)","C7H16NO2",9.91,146.118104,"[M]",1,"cpd:C01181","pos",4,2019-07-15,"Mix1",TRUE,"Problematic"
"Sulfur","(R)-2,3-Dihydroxypropane-1-sulfonate","DHPS","C3H8O5S",10.67,155.001422,"[M-H]",-1,"cpd:C19675","neg",4,2016-04-01,"Mix2",TRUE,"Problematic"
"Co-enzyme A","(S)-3-Hydroxybutyryl-CoA","Hydroxybutyryl CoA","C25H42N7O18P3S",11.545,852.144174,"[M-H]",-1,"cpd:C01144","neg",4,2016-04-01,"Mix1",TRUE,"No"
"Sulfur","1-Propanesulfonate","Propanesulfonate","C3H7O3S",2.81,123.011592,"[M]",-1,NA,"neg",4,2016-04-01,"Mix2",TRUE,"Yes"
"Pyrimidine derivative","2,3-Pyridinedicarboxylic acid","Pyridinedicarboxylic acid","C7H5NO4",10.17,168.029684,"[M+H]",1,"cpd:C03722","pos",5,2019-07-15,"Mix1",TRUE,"Yes"
"Lignin","2,5-Dihydroxybenzoic acid","Resorcylic Acid","C7H6O4",4.08,153.018785,"[M-H]",-1,"cpd:C00628","neg",4.8,2016-04-01,"Mix2",TRUE,"Yes"
"Quorum sensing","2-Heptyl-3-hydroxy-quinolone","PQS","C16H21NO2",2.16,260.165054,"[M+H]",1,"cpd:C11848","pos",4,2016-04-01,"Mix1",TRUE,"Yes"
"Sulfur","2-Hydroxy-4-(methylthio)butyric acid","2-Hydroxy-4-(methylthio)butyric_acid","C5H10O3S",2.69,149.027242,"[M-H]",-1,NA,"neg",5,2017-03-31,"Mix1",TRUE,"Yes"
"Sulfur","2-keto-4-methylthiobutyric acid","Keto-?-(methylthio)butyric acid","C5H7O3S",2.59,147.011592,"[M]",-1,"cpd:C01180","neg",5,2017-03-31,"Mix1",TRUE,"Yes"
"Organic Acid","2-Ketoglutaric acid","Ketoglutaric Acid","C5H6O5",10.845,145.0137,"[M-H]",-1,"cpd:C00026","neg",4,2016-04-01,"Mix1",TRUE,"Yes"
"Osmolyte","2-O-alpha-D-Glucosylglycerol","Glucosylglycerol","C9H18O8",10.1,255.107995,"[M+H]",1,"cpd:C11546","pos",4,2016-04-01,"Mix2",TRUE,"Yes"
"Intracellular signaling","3',5'-Cyclic AMP","cAMP","C10H12N5O6P",4.06,328.044698,"[M-H]",-1,"cpd:C00575","neg",4,2016-04-01,"Mix2",TRUE,"Yes"
"Intracellular signaling","3',5'-Cyclic diGMP","Cyclic diGMP","C20H24N10O14P2",13.74,689.087051,"[M-H]",-1,"cpd:C16463","neg",4,2016-04-01,"Mix2",TRUE,"Yes"
"Intracellular signaling","3',5'-Cyclic GMP","cGMP","C10H12N5O7P",8.8,344.039613,"[M-H]",-1,"cpd:C00942","neg",4,2016-04-01,"Mix2",TRUE,"Yes"
"Sulfur","3-Aminopropanesulfonate","Amino Propanesulfonic Acid","C3H9NO3S",11.49,138.022491,"[M-H]",-1,"cpd:C03349","neg",4,2016-04-01,"Mix2",TRUE,"Problematic"
"Sugar phosphate","3-Phosphoglycerate","Phosphoglyceric Acid","C3H7O7P",14.755,184.985118,"[M-H]",-1,"cpd:C00597","neg",4,2018-01-30,"Mix1",TRUE,"Problematic"
"Internal Standard","3-Sulfolactate, 13C3","Sulfolactic Acid, 13C3","C(13)2H5O4S",13.27,171.9913,"[M-H]",-1,NA,"neg",1,2016-04-01,NA,TRUE,"Yes"
"Sulfur","3-Sulfopyruvic acid","3-Sulfopyruvic Acid","C3H4O6S",12.92,166.965037,"[M-H]",-1,"cpd:C05528","neg",4,2016-04-01,"Mix2",TRUE,"Yes"
"Amino Acid - degraded","4-Aminobutyric acid","Aminobutyric Acid","C4H9NO2",11.155,104.071154,"[M+H]",1,"cpd:C00334","pos",4,2016-04-01,"Mix1",TRUE,"Problematic"
"Osmolyte","5-Hydroxyectoine","Hydroxyectoine","C6H10N2O3",11.07,159.076968,"[M+H]",1,"cpd:C16432","pos",0.1,2016-04-01,"Mix2",TRUE,"Yes"
"Pyrimidine derivative","5-Methylcytosine","5-Methylcytosine","C5H7N3O",5.53,126.066737,"[M+H]",1,"cpd:C02376","pos",4,2019-05-14,"Mix2",TRUE,"Yes"
"Amino Acid derivative","5-Oxoproline","L-Pyroglutamic acid","C5H7NO3",7.97,128.034768,"[M-H]",-1,"cpd:C01879","neg",4,2018-01-30,"Mix1",TRUE,"Yes"
"Amino Acid derivative","5-Oxoproline","L-Pyroglutamic acid","C5H7NO3",7.97,130.050419,"[M+H]",1,"cpd:C01879","pos",4,2018-01-30,"Mix1",FALSE,"Yes"
"Co-enzyme A","Acetoacetyl-CoA","Acetoacetyl CoA","C25H40N7O18P3S",10.6,850.128524,"[M-H]",-1,"cpd:C00332","neg",4,2016-04-01,"Mix1",TRUE,"No"
"Betaine","Acetylcholine","Acetylcholine","C7H16NO2",13.37,146.118104,"[M]",1,"cpd:C01996","pos",4,2019-05-14,"Mix2",TRUE,"Problematic"
"Co-enzyme A","Acetyl-CoA","Acetyl CoA","C23H38N7O17P3S",10.84,808.117959,"[M-H]",-1,"cpd:C00024","neg",4,2016-04-01,"Mix1",TRUE,"No"
"Internal Standard","Acetyl-CoA, 13C2","Acetyl CoA, 13C2","C21C(13)2H38N7O17P3S",10.84,810.1252,"[M-H]",-1,NA,"neg",1,2016-04-01,NA,TRUE,"No"
"Amino Acid derivative","Acetylglycine","Acetylglycine","C4H7NO3",7.81,116.034769,"[M-H]",-1,NA,"neg",5,2019-07-15,"Mix1",TRUE,"Yes"
"Nucleic Acid","Adenine","Adenine","C5H5N5",4.72,136.06232,"[M+H]",1,"cpd:C00147","pos",4,2016-04-01,"Mix1",TRUE,"Yes"
"Nucleic Acid","Adenine","Adenine","C5H5N5",4.72,134.0462,"[M-H]",-1,"cpd:C00147","neg",4,2016-04-01,"Mix1",FALSE,"Yes"
"Internal Standard","Adenine, 15N2","Adenine, 15N2","C5H5N(15)2N3",4.64,138.0564,"[M+H]",1,NA,"pos",1,2019-05-14,NA,TRUE,"Problematic"
"Nucleoside","Adenosine","Adenosine","C10H13N5O4",4.46,268.10458,"[M+H]",1,"cpd:C00212","pos",4,2016-04-01,"Mix2",TRUE,"Yes"
"Nucleoside","Adenosine","Adenosine","C10H13N5O4",4.46,266.08948,"[M-H]",-1,"cpd:C00212","neg",4,2016-04-01,"Mix2",FALSE,"Yes"
"Energy charge","Adenosine diphosphate","ADP","C10H15N5O10P2",12.09,426.021596,"[M-H]",-1,"cpd:C00008","neg",4,2016-04-01,"Mix2",TRUE,"Problematic"
"Energy charge","Adenosine monophosphate","AMP","C10H14N5O7P",11.585,346.055262,"[M-H]",-1,"cpd:C00020","neg",4,2016-04-01,"Mix2",TRUE,"Yes"
"Internal Standard","Adenosine monophosphate, 15N5","Adenosine Monophosphate, 15N5","C10H13N(15)5O7P",11.585,351.0411,"[M-H]",-1,NA,"neg",5,2017-03-01,NA,TRUE,"Yes"
"Energy charge","Adenosine triphosphate","ATP","C10H16N5O13P3",15.35,505.987929,"[M-H]",-1,"cpd:C00002","neg",4,2016-04-01,"Mix2",TRUE,"Problematic"
"Purine derivative","Allantoin","Allantoin","C4H6N4O3",9.48,157.036165,"[M-H]",-1,"cpd:C01551","neg",5,2021-04-15,"Mix1",TRUE,"Yes"
"Purine derivative","Allopurinol","Allopurinol","C5H4N4O",4.16,137.046336,"[M+H]",1,NA,"pos",4,2018-07-01,"Mix2",FALSE,"Problematic"
"Purine derivative","Allopurinol","Allopurinol","C5H4N4O",4.16,135.030686,"[M-H]",-1,NA,"neg",4,2018-07-01,"Mix2",TRUE,"Problematic"
"Dipeptide","Anserine","Anserine","C10H16N4O3",8.55,241.130066,"[M+H]",1,"cpd:C01262","pos",4,2019-05-14,"Mix2",TRUE,"Yes"
"Dipeptide","Anserine","Anserine","C10H16N4O3",8.55,239.114416,"[M-H]",-1,"cpd:C01262","neg",4,2019-05-14,"Mix2",FALSE,"Yes"
"Arsenic","Arsenobetaine","Arsenobetaine","C5H11AsO2",7.06,179.005326,"[M+H]",1,"cpd:C19331","pos",4,2018-07-01,"Mix2",TRUE,"Yes"
"Internal Standard","Arsenobetaine, 13C2","Arsenobetaine, 13C2","C(13)2C3H12AsO2",7.24,181.0114,"[M+H]",1,NA,"pos",1,2019-07-15,NA,TRUE,"Yes"
"Amino Acid derivative","beta-Alanine","beta-Alanine","C3H7NO2",11.39,90.055504,"[M+H]",1,"cpd:C00099","pos",4,2018-07-01,"Mix2",TRUE,"Problematic"
"Betaine","beta-Alaninebetaine","Trimethylammonium Propionate (TMAP)","C6H13NO2",9.38,132.1018,"[M+H]",1,"cpd:C08263","pos",4,2019-05-14,"Mix2",TRUE,"Problematic"
"Amino Acid derivative","beta-Glutamic acid","beta-Glutamic acid","C5H9NO4",11.9,148.060984,"[M+H]",1,NA,"pos",4,2019-05-14,"Mix2",TRUE,"Problematic"
"Betaine","Betonicine","Betonicine","C7H13NO3",8.45,160.097369,"[M+H]",1,"cpd:C08269","pos",4,2018-07-01,"Mix2",TRUE,"Problematic"
"Betaine","Butyrylcarnitine","Butyryl-L-carnitine","C11H21NO4",4.47,232.154884,"[M+H]",1,"cpd:C02862","pos",4,2018-01-30,"Mix1",TRUE,"Yes"
"Amino Acid derivative","Butyrylglycine","Butyrylglycine","C6H11NO3",2.92,144.066069,"[M-H]",-1,NA,"neg",4,2019-07-15,"Mix1",TRUE,"Yes"
"Betaine","Carnitine","Carnitine","C7H15NO3",10.21,162.113019,"[M+H]",1,"cpd:C00487","pos",1,2017-03-31,"Mix1",TRUE,"Yes"
"Dipeptide","Carnosine","Carnosine","C9H14N4O3",10.47,227.114416,"[M+H]",1,"cpd:C00386","pos",4,2019-05-14,"Mix2",TRUE,"Yes"
"Dipeptide","Carnosine","Carnosine","C9H14N4O3",10.47,225.098766,"[M-H]",-1,"cpd:C00386","neg",4,2019-05-14,"Mix2",FALSE,"Yes"
"Amino sugar","Chitobiose","Chitobiose","C16H28N2O11",10.21,425.177138,"[M+H]",1,"cpd:C01674","pos",4,2016-04-01,"Mix2",TRUE,"Yes"
"Betaine","Choline","Choline","C5H14NO",15.265,104.107539,"[M]",1,"cpd:C00114","pos",4,2016-04-01,"Mix1",TRUE,"Yes"
"Betaine","Choline sulfate","Choline sulfate","C5H13NO4S",7.01,184.063805,"[M+H]",1,"cpd:C00919","pos",5,2021-04-15,"Mix1",TRUE,"Yes"
"Betaine","Choline sulfate","Choline sulfate","C5H13NO4S",7.01,182.048706,"[M-H]",-1,"cpd:C00919","neg",5,2021-04-15,"Mix1",FALSE,"Yes"
"Organic Acid","cis-Aconitic acid","Aconitic Acid","C6H6O6",14.21,173.008615,"[M-H]",-1,"cpd:C00417","neg",4,2016-04-01,"Mix1",TRUE,"Problematic"
"Organic Acid","Citric acid","Citric Acid","C6H8O7",15.65,191.01918,"[M-H]",-1,"cpd:C00158","neg",4,2016-04-01,"Mix2",TRUE,"Problematic"
"Urea cycle","Citrulline","Citrulline","C6H13N3O3",12.21,176.103517,"[M+H]",1,"cpd:C00327","pos",4,2017-03-31,"Mix1",TRUE,"Yes"
"Organic Acid - nitrogenous","Creatine","Creatine","C4H9N3O2",11.34,132.077302,"[M+H]",1,"cpd:C00300","pos",4,2016-04-01,"Mix1",TRUE,"Yes"
"Amino Acid derivative","Creatinine","Creatinine","C4H7N3O",6.09,114.066737,"[M+H]",1,"cpd:C00791","pos",4,2021-06-15,"Mix1",TRUE,"Yes"
"Amino Acid derivative","Creatinine","Creatinine","C4H7N3O",6.09,112.051087,"[M-H]",-1,"cpd:C00791","neg",4,2021-06-15,"Mix1",FALSE,"Yes"
"Co-enzyme A","Crotonoyl-CoA","Crotonyl CoA","C25H40N7O17P3S",8.45,834.133609,"[M-H]",-1,"cpd:C00877","neg",4,2016-04-01,"Mix1",TRUE,"No"
"Dipeptide - degraded","Cys-Gly, oxidized","Cys-Gly oxidized","C10H18N4O6S2",11.85,355.074605,"[M+H]",1,"cpd:C01419","pos",4,2017-03-31,"Mix1",TRUE,"Yes"
"Nucleoside","Cytidine","Cytidine","C9H13N3O5",8.55,242.077697,"[M-H]",-1,"cpd:C00475","neg",4,2016-04-01,"Mix2",FALSE,"Yes"
"Nucleoside","Cytidine","Cytidine","C9H13N3O5",8.55,244.093347,"[M+H]",1,"cpd:C00475","pos",4,2016-04-01,"Mix2",TRUE,"Yes"
"Nucleic Acid","Cytosine","Cytosine","C4H5N3O",7.41,110.035437,"[M-H]",-1,"cpd:C00380","neg",4,2016-04-01,"Mix2",FALSE,"Yes"
"Nucleic Acid","Cytosine","Cytosine","C4H5N3O",7.41,112.051087,"[M+H]",1,"cpd:C00380","pos",4,2016-04-01,"Mix2",TRUE,"Yes"
"Internal Standard","Cytosine, 13C2, 15N3","Cytosine, 13C2-15N3","C(13)2C2H5N(15)3O",6.82,117.0489,"[M+H]",1,NA,"pos",2,2019-05-14,NA,TRUE,"Yes"
"Nucleoside derivative","Deoxyadenosine","Deoxyadenosine","C10H13N5O3",3.44,252.109665,"[M+H]",1,"cpd:C00559","pos",4,2018-07-01,"Mix2",TRUE,"Problematic"
"Vitamin (B-like)","Dexpanthenol","Dexpanthenol","C9H19NO4",2.27,206.139234,"[M+H]",1,"cpd:C05944","pos",4,2018-07-01,"Mix2",FALSE,"No"
"Sugar phosphate","D-Fructose 6-phosphate","Fructose 6 phosphate","C6H13O9P",13.51,259.021897,"[M-H]",-1,"cpd:C00085","neg",4,2016-04-01,"Mix1",TRUE,"Problematic"
"Organic Acid","D-Gluconic acid","Gluconic Acid","C6H12O7",10.79,195.05048,"[M-H]",-1,"cpd:C00257","neg",4,2016-04-01,"Mix2",TRUE,"Yes"
"Sugar phosphate","D-Glucose 1-phosphate","Glucose 1 phosphate","C6H13O9P",13.45,259.021897,"[M-H]",-1,"cpd:C00103","neg",4,2016-04-01,"Mix2",TRUE,"Problematic"
"Sugar phosphate","D-Glucose 6-phosphate","Glucose 6 phosphate","C6H13O9P",14.12,259.021897,"[M-H]",-1,"cpd:C00092","neg",4,2016-04-01,"Mix1",TRUE,"Problematic"
"Calvin cycle intermediate","Dihydroxyacetone phosphate","DHAP","C3H7O6P",12.86,168.990203,"[M-H]",-1,"cpd:C00111","neg",6,2016-04-01,"Mix2",TRUE,"Yes"
"Amino Acid derivative","Dimethylglycine","Dimethyl Glycine","C4H9NO2",8.97,104.071154,"[M+H]",1,"cpd:C01026","pos",4,2016-04-01,"Mix1",TRUE,"Problematic"
"Sulfur","Dimethylsulfonioacetate","Dimethylsulfonioacetate (DMS-Ac)","C4H9O2S",8.39,121.032327,"[M]",1,"cpd:C03392","pos",4,2018-07-01,"Mix2",TRUE,"Yes"
"Sulfur","Dimethylsulfoniopropionate","DMSP","C5H10O2S",9.325,135.047977,"[M+H]",1,"cpd:C04022","pos",4,2016-04-01,"Mix2",TRUE,"Yes"
"Internal Standard","DL-Alanine, 2H3","DL-Alanine, D3","C3H4H(2)3NO2",11.3,93.0738,"[M+H]",1,NA,"pos",5,2016-04-01,NA,TRUE,"Yes"
"Internal Standard","DL-Histidine, 15N","DL-Histidine, 15N","C6H9N3N(15)O2",11.45,157.0738,"[M+H]",1,NA,"pos",2.5,2016-04-01,NA,TRUE,"Yes"
"Internal Standard","DL-Proline, 2H7","DL-Proline, D7","C5H3H(2)7NO2",9.49,123.1145,"[M+H]",1,NA,"pos",1,2017-03-01,NA,TRUE,"Yes"
"Internal Standard","DL-Valine, 2H8","DL-Valine, D8","C5H4H(2)8NO2",9.09,126.1365,"[M+H]",1,NA,"pos",1,2017-03-01,NA,TRUE,"Yes"
"Co-enzyme A","D-Methylmalonyl-CoA","Methyl Malonyl CoA","C25H40N7O19P3S",13.18,866.123439,"[M-H]",-1,"cpd:C00683","neg",4,2016-04-01,"Mix1",TRUE,"No"
"Sugar phosphate","D-Ribose 5-phosphate","Ribose 5 phosphate","C5H11O8P",13.29,229.011333,"[M-H]",-1,"cpd:C00117","neg",4,2016-04-01,"Mix2",TRUE,"Problematic"
"Osmolyte","Ectoine","Ectoine","C6H10N2O2",9.25,141.066403,"[M-H]",-1,"cpd:C06231","neg",8,2016-04-01,"Mix2",FALSE,"Problematic"
"Osmolyte","Ectoine","Ectoine","C6H10N2O2",9.25,143.082053,"[M+H]",1,"cpd:C06231","pos",8,2016-04-01,"Mix2",TRUE,"Problematic"
"Betaine","Ergothioneine","Ergothioneine","C9H15N3O2S",11.29,230.096324,"[M+H]",1,"cpd:C05570","pos",4,2019-07-15,"Mix1",TRUE,"Yes"
"Sulfur","Ethanesulfonic acid","Ethanesulfonic Acid","C2H6O3S",4.29,108.995942,"[M-H]",-1,NA,"neg",4,2016-04-01,"Mix2",TRUE,"Yes"
"Osmolyte","Ethanolamine","Ethanolamine","C2H7NO",15.66,62.060589,"[M+H]",1,"cpd:C00189","pos",6,2021-06-15,"Mix1",TRUE,"Yes"
"Lignin","Ethyl aminobenzoate","Ethyl 3 aminobenzoate","C9H11NO2",2.01,166.086804,"[M+H]",1,"cpd:C07527","pos",NA,NA,NA,FALSE,"No"
"Lignin","Ethyl dihydroxybenzoate","Ethyl Dihydroxybenzoate","C9H10O4",2.08,181.050085,"[M-H]",-1,NA,"neg",4,2016-04-01,"Mix2",TRUE,"Yes"
"Redox","Flavin adenine dinucleotide","FAD","C27H33N9O15P2",7.585,784.149317,"[M-H]",-1,"cpd:C00016","neg",4,2016-04-01,"Mix2",TRUE,"Yes"
"Organic Acid","Fumaric acid","Fumaric Acid","C4H4O4",12.7,115.003135,"[M-H]",-1,"cpd:C00122","neg",4,2016-04-01,"Mix1",TRUE,"Yes"
"Amino sugar","Glucosamine","Glucosamine","C6H13NO5",9.97,180.087199,"[M+H]",1,NA,"pos",5,2018-01-30,"Mix1",TRUE,"Yes"
"Dipeptide","Glutamylphenylalanine","Glutamylphenylalanine","C14H18N2O5",9.55,295.129398,"[M+H]",1,NA,"pos",4,2019-07-15,"Mix1",TRUE,"Yes"
"Dipeptide","Glutamylphenylalanine","Glutamylphenylalanine","C14H18N2O5",9.55,293.113748,"[M-H]",-1,NA,"neg",4,2019-07-15,"Mix1",FALSE,"Yes"
"Antioxidant","Glutathione","Glutathione","C10H17N3O6S",12,308.091634,"[M+H]",1,"cpd:C00051","pos",4,2016-04-01,"Mix1",TRUE,"Problematic"
"Sulfur","Glutathione disulfide","Glutathione Disulfide","C20H32N6O12S2",14.98,613.159793,"[M+H]",1,"cpd:C00127","pos",4,2016-04-01,"Mix2",TRUE,"Problematic"
"Betaine","Glycerophosphocholine","Glycerophosphocholine","C8H21NO6P",10.86,258.110652,"[M]",1,"cpd:C00670","pos",4,2018-01-30,"Mix1",TRUE,"Yes"
"Redox","Glycerophosphoric acid","glycerol 3 phosphate","C3H9O6P",13.065,171.005853,"[M-H]",-1,"cpd:C00093","neg",4,2016-04-01,"Mix2",TRUE,"Yes"
"Amino Acid","Glycine","Glycine","C2H5NO2",11.51,76.039854,"[M+H]",1,"cpd:C00037","pos",4,2016-04-01,"Mix1",TRUE,"Yes"
"Betaine","Glycine betaine","Betaine","C5H11NO2",7.86,118.086804,"[M+H]",1,"cpd:C00719","pos",4,2016-04-01,"Mix1",TRUE,"Yes"
"Internal Standard","Glycine betaine, 13C5, 15N","Betaine, 13C5-15N","C(13)5H11N(15)O2",7.27,124.1006,"[M+H]",1,NA,"pos",1,2019-05-14,NA,TRUE,"Yes"
"Sulfur","Gonyol","Gonyol","C7H14O3S",10.74,179.074191,"[M+H]",1,NA,"pos",4,2018-07-01,"Mix2",TRUE,"Yes"
"Nucleic Acid","Guanine","Guanine","C5H5N5O",8.61,150.041585,"[M-H]",-1,"cpd:C00242","neg",4,2016-04-01,"Mix2",FALSE,"Yes"
"Nucleic Acid","Guanine","Guanine","C5H5N5O",8.61,152.057235,"[M+H]",1,"cpd:C00242","pos",4,2016-04-01,"Mix2",TRUE,"Yes"
"Internal Standard","Guanine, 13C, 15N2","Guanine, 13C-15N2","C(13)C4H5N(15)2N3O",8.18,155.0547,"[M+H]",1,NA,"pos",2,2019-05-14,NA,TRUE,"Yes"
"Nucleoside","Guanosine","Guanosine","C10H13N5O5",9.06,284.099495,"[M+H]",1,"cpd:C00387","pos",4,2016-04-01,"Mix2",TRUE,"Yes"
"Nucleoside","Guanosine","Guanosine","C10H13N5O5",9.06,282.083845,"[M-H]",-1,"cpd:C00387","neg",4,2016-04-01,"Mix2",FALSE,"Yes"
"Energy charge","Guanosine monophosphate","GMP","C10H14N5O8P",13.85,362.050178,"[M-H]",-1,"cpd:C00144","neg",4,2016-04-01,"Mix2",TRUE,"Yes"
"Internal Standard","Guanosine monophosphate, 15N5","Guanosine Monophosphate, 15N5","C10H13N(15)5O8P",13.85,367.0364,"[M-H]",-1,NA,"neg",2,2017-03-01,NA,TRUE,"Problematic"
"Energy charge","Guanosine triphosphate","GTP","C10H16N5O14P3",16.58,521.982844,"[M-H]",-1,"cpd:C00044","neg",4,2016-04-01,"Mix2",TRUE,"Problematic"
"Osmolyte","Homarine","Homarine","C7H7NO2",6.19,138.055503,"[M+H]",1,NA,"pos",4,2016-04-01,"Mix2",TRUE,"Problematic"
"Internal Standard","Homarine, 2H3","Homarine, 2H3","C7H(2)3H4NO2",6.19,141.0743,"[M+H]",1,NA,"pos",4,2019-10-17,NA,TRUE,"Yes"
"Amino Acid derivative","Homocysteine thiolactone","Homocysteine Thiolactone","C4H7NOS",2.78,118.032661,"[M+H]",1,NA,"pos",4,2017-03-31,"Mix1",TRUE,"Yes"
"Alkaloid","Hordenine","Hordenine","C10H15NO",3.34,166.123189,"[M+H]",1,"cpd:C06199","pos",4,2018-07-01,"Mix2",TRUE,"Yes"
"Amino Acid derivative","Hydroxyisoleucine","4-Hydroxyisoleucine","C6H13NO3",8.34,148.097369,"[M+H]",1,"cpd:C20802","pos",4,2018-07-01,"Mix2",TRUE,"Yes"
"Amino Acid derivative","Hydroxyisoleucine","4-Hydroxyisoleucine","C6H13NO3",8.34,146.081719,"[M-H]",-1,"cpd:C20802","neg",4,2018-07-01,"Mix2",FALSE,"Yes"
"Amino Acid - collagen","Hydroxyproline","trans Hydroxyl proline","C5H9NO3",10.07,132.066069,"[M+H]",1,"cpd:C01157","pos",4,2016-04-01,"Mix1",TRUE,"Yes"
"Sulfur","Hypotaurine","Hypotaurine","C2H7NO2S",11.36,110.027576,"[M+H]",1,"cpd:C00519","pos",6,2016-04-01,"Mix2",TRUE,"Yes"
"Purine derivative","Hypoxanthine","Hypoxanthine","C5H4N4O",5.51,137.046336,"[M+H]",1,"cpd:C00262","pos",4,2019-05-14,"Mix2",TRUE,"Problematic"
"Purine derivative","Hypoxanthine","Hypoxanthine","C5H4N4O",5.51,135.030686,"[M-H]",-1,"cpd:C00262","neg",4,2019-05-14,"Mix2",FALSE,"Problematic"
"Phytohormone","Indole-3-carbinol","Indole 3 carbinol","C9H9NO",2.395,146.060589,"[M-H]",-1,NA,"neg",4,2016-04-01,"Mix2",TRUE,"No"
"Phytohormone","Indolepyruvic acid","Indole 3 Pyruvic Acid","C11H9NO3",2.375,202.050419,"[M-H]",-1,"cpd:C00331","neg",4,2016-04-01,"Mix2",TRUE,"No"
"Purine derivative","Inosine","Inosine","C10H12N4O5",7.57,269.088596,"[M+H]",1,"cpd:C00294","pos",4,2018-07-01,"Mix2",FALSE,"Yes"
"Purine derivative","Inosine","Inosine","C10H12N4O5",7.57,267.072946,"[M-H]",-1,"cpd:C00294","neg",4,2018-07-01,"Mix2",TRUE,"Yes"
"Sulfur","Isethionic acid","Isethionic Acid","C2H6O4S",7.2,124.990857,"[M-H]",-1,"cpd:C05123","neg",4,2016-04-01,"Mix2",TRUE,"Yes"
"Internal Standard","Isethionic acid, 13C2","Isethionic Acid, 13C2","C(13)2H6O4S",7.2,126.9981,"[M-H]",-1,NA,"neg",0.5,2016-04-01,NA,TRUE,"Yes"
"Organic Acid","Isocitric acid","Isocitric Acid","C6H8O7",15.65,191.01918,"[M-H]",-1,"cpd:C00311","neg",4,2016-04-01,"Mix1",TRUE,"Problematic"
"Sugar","Lactose","Lactose","C12H22O11",12.53,341.10839,"[M-H]",-1,"cpd:C00243","neg",4,2018-07-01,"Mix2",TRUE,"No"
"Sugar","Lactose","Lactose","C12H22O11",12.53,343.12404,"[M+H]",1,"cpd:C00243","pos",4,2018-07-01,"Mix2",FALSE,"No"
"Amino Acid","L-Alanine","Alanine","C3H7NO2",11.3,90.055504,"[M+H]",1,"cpd:C00041","pos",4,2016-04-01,"Mix1",TRUE,"Problematic"
"Amino Acid","L-Arginine","Arginine","C6H14N4O2",17.93,175.119501,"[M+H]",1,"cpd:C00062","pos",4,2016-04-01,"Mix1",TRUE,"Problematic"
"Urea cycle","L-Arginosuccinic acid","Argininosuccinic Acid","C10H18N4O6",13.69,291.13046,"[M+H]",1,"cpd:C03406","pos",4,2017-03-31,"Mix1",TRUE,"Yes"
"Amino Acid","L-Asparagine","Asparagine","C4H8N2O3",11.86,133.061318,"[M+H]",1,"cpd:C00152","pos",4,2016-04-01,"Mix1",TRUE,"Yes"
"Amino Acid","L-Aspartic acid","Aspartic acid","C4H7NO4",12.86,134.045334,"[M+H]",1,"cpd:C00049","pos",4,2016-04-01,"Mix1",TRUE,"Yes"
"Amino Acid synthesis","L-Cystathionine","Cystathionine","C7H14N2O4S",13.14,223.075255,"[M+H]",1,"cpd:C02291","pos",4,2016-04-01,"Mix2",TRUE,"Yes"
"Sulfur","L-Cysteic acid","Cysteic Acid","C3H7NO5S",12.15,167.996671,"[M-H]",-1,"cpd:C00506","neg",4,2016-04-01,"Mix2",TRUE,"Yes"
"Internal Standard","L-Cysteic acid, 2H3","L-Cysteic Acid, D3","C3H(2)3H4NO5S",12.15,171.0161,"[M-H]",-1,NA,"neg",1,2016-04-01,NA,TRUE,"Yes"
"Amino Acid","L-Cysteine","Cysteine","C3H7NO2S",7,122.027576,"[M+H]",1,"cpd:C00097","pos",NA,NA,NA,TRUE,"No"
"Sulfur","L-Cysteinesulfinic acid","Cysteinesulfinic acid","C3H7NO4S",10.74,154.017406,"[M+H]",1,"cpd:C00606","pos",5,2019-05-14,"Mix2",FALSE,"Yes"
"Sulfur","L-Cysteinesulfinic acid","Cysteinesulfinic acid","C3H7NO4S",10.74,152.001756,"[M-H]",-1,"cpd:C00606","neg",5,2019-05-14,"Mix2",TRUE,"Yes"
"Dipeptide","L-Cysteinylglycine","Cys-Gly","C5H10N2O3S",9.53,179.04904,"[M+H]",1,"cpd:C01419","pos",5,2017-03-31,"Mix1",FALSE,"No"
"Amino Acid","L-Cystine","Cystine","C6H12N2O4S2",13.1,241.031677,"[M+H]",1,"cpd:C00491","pos",4,2016-04-01,"Mix1",TRUE,"Yes"
"Amino Acid","L-Glutamic acid","Glutamic acid","C5H9NO4",12.41,148.060984,"[M+H]",1,"cpd:C00025","pos",4,2016-04-01,"Mix1",TRUE,"Problematic"
"Amino Acid","L-Glutamine","Glutamine","C5H10N2O3",11.7,147.076968,"[M+H]",1,"cpd:C00064","pos",4,2016-04-01,"Mix1",TRUE,"Yes"
"Amino Acid","L-Histidine","Histidine","C6H9N3O2",11.45,156.077302,"[M+H]",1,"cpd:C00135","pos",4,2016-04-01,"Mix1",TRUE,"Yes"
"Amino Acid synthesis","L-Homocysteine","L-Homocysteine","C4H9NO2S",8.7,136.043226,"[M+H]",1,"cpd:C00155","pos",4,2016-04-01,"Mix2",TRUE,"No"
"Amino Acid derivative","L-Homocystine","Homocystine","C8H16N2O4S2",12.58,269.062977,"[M+H]",1,"cpd:C01817","pos",4,2017-03-31,"Mix1",TRUE,"Yes"
"Amino Acid derivative","L-Homoserine","Homoserine","C4H9NO3",11.32,120.066069,"[M+H]",1,"cpd:C00263","pos",4,2017-03-31,"Mix1",TRUE,"Problematic"
"Amino Acid - collagen","L-Hydroxylysine","Hydroxylysine","C6H14N2O3",16.37,163.108268,"[M+H]",1,"cpd:C16741","pos",4,2016-04-01,"Mix1",TRUE,"Yes"
"Organic Acid","Lipoic acid","Lipoic Acid","C8H14O2S2",2.42,205.035699,"[M-H]",-1,"cpd:C00725","neg",4,2016-04-01,"Mix1",TRUE,"Yes"
"Amino Acid","L-Isoleucine","Isoleucine","C6H13NO2",8.17,132.102454,"[M+H]",1,"cpd:C00407","pos",4,2016-04-01,"Mix1",TRUE,"Problematic"
"Internal Standard","L-Isoleucine, 15N","L-Isoleucine, 15N","C6H13N(15)O2",8.17,133.0989,"[M+H]",1,NA,"pos",0.5,2016-04-01,NA,TRUE,"Yes"
"Amino Acid","L-Kynurenine","Kynurenine","C10H12N2O3",4.345,209.092618,"[M+H]",1,"cpd:C00328","pos",NA,2016-04-01,NA,FALSE,"No"
"Amino Acid","L-Leucine","Leucine","C6H13NO2",7.63,132.102454,"[M+H]",1,"cpd:C00123","pos",4,2016-04-01,"Mix1",TRUE,"Problematic"
"Amino Acid","L-Lysine","Lysine","C6H14N2O2",17.5,147.113353,"[M+H]",1,"cpd:C00047","pos",4,2016-04-01,"Mix1",TRUE,"Yes"
"Amino Acid","L-Methionine","Methionine","C5H11NO2S",7.96,150.058876,"[M+H]",1,"cpd:C00073","pos",4,2016-04-01,"Mix1",TRUE,"Yes"
"Amino Acid - degraded","L-Methionine S-oxide","Methionine Sulfoxide","C5H11NO3S",9.73,166.053791,"[M+H]",1,"cpd:C02989","pos",4,2017-03-31,"Mix1",TRUE,"Yes"
"Internal Standard","L-Methionine, 2H3","L-Methionine, D3","C5H(2)3H8NO2S",7.96,153.0771,"[M+H]",1,NA,"pos",1,2016-04-01,NA,TRUE,"Yes"
"Urea cycle","L-Ornithine","Ornithine","C5H12N2O2",16.79,133.097703,"[M+H]",1,"cpd:C00077","pos",5,2017-03-31,"Mix1",TRUE,"Yes"
"Amino Acid","L-Proline","Proline","C5H9NO2",9.49,116.071154,"[M+H]",1,"cpd:C00148","pos",4,2016-04-01,"Mix1",TRUE,"Yes"
"Amino Acid","L-Serine","Serine","C3H7NO3",11.86,106.050419,"[M+H]",1,"cpd:C00065","pos",4,2016-04-01,"Mix1",TRUE,"Yes"
"Amino Acid","L-Threonine","Threonine","C4H9NO3",10.92,120.066069,"[M+H]",1,"cpd:C00188","pos",4,2016-04-01,"Mix1",TRUE,"Problematic"
"Amino Acid","L-Tyrosine","Tyrosine","C9H11NO3",9.76,182.081719,"[M+H]",1,"cpd:C00082","pos",4,2016-04-01,"Mix1",TRUE,"Yes"
"Amino Acid","L-Valine","Valine","C5H11NO2",9.09,118.086804,"[M+H]",1,"cpd:C00183","pos",4,2016-04-01,"Mix1",TRUE,"Problematic"
"Organic Acid","Malic acid","Malic Acid","C4H6O5",11.97,133.0137,"[M-H]",-1,"cpd:C00149","neg",4,2016-04-01,"Mix1",TRUE,"Yes"
"Co-enzyme A","Malonyl-CoA","Malonyl CoA","C24H38N7O19P3S",13.525,852.107789,"[M-H]",-1,"cpd:C00083","neg",4,2016-04-01,"Mix1",TRUE,"No"
"Sugar","Maltose","Maltose","C12H22O11",12.31,341.10839,"[M-H]",-1,"cpd:C00208","neg",4,2018-07-01,"Mix2",TRUE,"No"
"Sugar","Maltotetraose","Maltotetraose","C24H42O21",13.78,665.21404,"[M-H]",-1,"cpd:C02052","neg",NA,NA,NA,TRUE,"No"
"Sugar","Maltotriose","Maltotriose","C18H32O16",13.03,503.161215,"[M-H]",-1,"cpd:C01835","neg",NA,NA,NA,TRUE,"No"
"Cursed","Melamine","Melamine","C3H6N6",6.68,127.073219,"[M+H]",1,"cpd:C08737","pos",4,2018-07-01,"Mix2",TRUE,"Yes"
"Organic Acid","Methylphosphonic acid","Methylphosphonic Acid","CH5O3P",11,94.989808,"[M-H]",-1,"cpd:C20396","neg",4,2016-04-01,"Mix1",TRUE,"Yes"
"Peptidoglycan","Muramic acid","Muramic Acid","C9H17NO7",11,252.108329,"[M+H]",1,"cpd:C06470","pos",4,2016-04-01,"Mix1",TRUE,"Problematic"
"Betaine","N6,N6,N6-Trimethyl-L-lysine","Trimethyl-L-lysine","C9H20N2O2",17.14,189.160303,"[M+H]",1,"cpd:C03793","pos",4,2019-05-14,"Mix2",TRUE,"Yes"
"Amino Acid - degraded","N6-Acetyl-L-lysine","N(e)-Acetyl-Lysine","C8H16N2O3",9.71,189.123918,"[M+H]",1,"cpd:C02727","pos",4,2017-03-31,"Mix1",TRUE,"Yes"
"Purine derivative","N6-Methyladenine","6-Methyladenine","C6H7N5",3.97,150.07797,"[M+H]",1,"cpd:C08434","pos",4,2019-05-14,"Mix2",TRUE,"Yes"
"Amino sugar","N-Acetyl-D-glucosamine","N-Acetylglucosamine","C8H15NO6",8.55,222.097764,"[M+H]",1,"cpd:C00140","pos",6,2019-05-14,"Mix2",TRUE,"Yes"
"Amino Acid derivative","N-Acetyl-L-glutamic acid","Acetylglutamic acid","C7H11NO5",11.84,190.071549,"[M+H]",1,"cpd:C00624","pos",4,2019-07-15,"Mix1",FALSE,"Yes"
"Amino Acid derivative","N-Acetyl-L-glutamic acid","Acetylglutamic acid","C7H11NO5",11.84,188.055899,"[M-H]",-1,"cpd:C00624","neg",4,2019-07-15,"Mix1",TRUE,"Yes"
"Amino sugar","N-Acetylmuramic acid","N-Acetylmuramic acid","C11H19NO8",3.35,294.118894,"[M+H]",1,"cpd:C02713","pos",5,2019-05-14,"Mix2",TRUE,"Yes"
"Amino sugar","N-Acetylmuramic acid","N-Acetylmuramic acid","C11H19NO8",3.35,292.103244,"[M-H]",-1,"cpd:C02713","neg",5,2019-05-14,"Mix2",FALSE,"Yes"
"Sulfur","N-Acetyltaurine","N-acetyltaurine","C4H9NO4S",3.74,166.017406,"[M-H]",-1,NA,"neg",4,2016-04-01,"Mix2",TRUE,"Yes"
"Redox","NAD","NAD","C21H27N7O14P2",10.6,662.101304,"[M-H]",-1,"cpd:C00003","neg",4,2016-04-01,"Mix2",TRUE,"Yes"
"Redox","NADH","NADH","C21H27N7O14P2",11.26,664.116954,"[M-H]",-1,"cpd:C00004","neg",4,2016-04-01,"Mix2",TRUE,"Yes"
"Redox","NADP","NADP","C21H29N7O17P3",12.74,742.067637,"[M-2H]",-1,"cpd:C00006","neg",4,2016-04-01,"Mix2",TRUE,"Problematic"
"Redox","NADPH","NADPH","C21H29N7O17P3",13.345,744.083287,"[M]",-1,"cpd:C00005","neg",4,2016-04-01,"Mix2",TRUE,"Problematic"
"Vitamin","Nicotinic acid","Vitamin B3","C6H5NO2",2.68,124.039854,"[M+H]",1,"cpd:C00253","pos",4,2016-04-01,"Mix2",FALSE,"No"
"Sulfur","N-Methyltaurine","N-methyltaurine","C3H9NO3S",6.06,140.038141,"[M+H]",1,NA,"pos",4,2016-04-01,"Mix2",TRUE,"Problematic"
"Betaine","O-Acetylcarnitine","Acetyl-L-carnitine","C9H17NO4",7.22,204.123584,"[M+H]",1,"cpd:C02571","pos",4,2018-01-30,"Mix1",TRUE,"Yes"
"Amino Acid - degraded","O-Acetyl-L-serine","N-Acetyl-Serine","C5H9NO4",6.27,148.060984,"[M+H]",1,"cpd:C00979","pos",4,2017-03-31,"Mix1",TRUE,"Problematic"
"Betaine","O-Methylmalonyl-L-carnitine","Methylmalonyl carnitine","C11H19NO6",9.67,262.129063,"[M+H]",1,NA,"pos",4,2018-07-01,"Mix2",TRUE,"Yes"
"Tripeptide","Ophthalmic acid","Ophthalmic Acid","C11H19N3O6",10.73,290.135212,"[M+H]",1,"cpd:C21016","pos",5,2018-01-30,"Mix1",TRUE,"Yes"
"Betaine","O-Propionylcarnitine","Propionyl-L-carnitine","C10H19NO4",5.63,218.139234,"[M+H]",1,"cpd:C03017","pos",4,2018-01-30,"Mix1",TRUE,"Yes"
"Organic Acid","Orotic acid","Orotic Acid","C5H4N2O4",4.195,155.009283,"[M-H]",-1,"cpd:C00295","neg",4,2016-04-01,"Mix1",TRUE,"Yes"
"Amino Acid derivative","O-Succinylhomoserine","O-Succinylhomoserine","C8H13NO6",9.57,220.081564,"[M+H]",1,"cpd:C01118","pos",5,2021-04-15,"Mix1",TRUE,"Yes"
"Amino Acid derivative","O-Succinylhomoserine","O-Succinylhomoserine","C8H13NO6",9.57,218.067011,"[M-H]",-1,"cpd:C01118","neg",5,2021-04-15,"Mix1",FALSE,"Yes"
"Organic Acid","Oxalic acid","Oxalic Acid","C2H2O4",13.235,88.987485,"[M-H]",-1,"cpd:C00209","neg",4,2016-04-01,"Mix1",TRUE,"Problematic"
"Betaine","Phosphocholine","Phosphocholine","C5H15NO4P",12.26,184.073321,"[M]",1,"cpd:C00588","pos",5,2021-04-15,"Mix1",TRUE,"Yes"
"Organic Acid","Phosphoenolpyruvic acid","PEP","C3H5O6P",13.865,166.974553,"[M-H]",-1,"cpd:C00074","neg",4,2016-04-01,"Mix1",TRUE,"Problematic"
"Amino Acid derivative","Pipecolic acid","Pipecolic acid","C6H11NO2",10.79,130.086255,"[M+H]",1,"cpd:C00408","pos",5,2021-04-15,"Mix1",TRUE,"Yes"
"Amino Acid derivative","Pipecolic acid","Pipecolic acid","C6H11NO2",10.79,128.071154,"[M-H]",-1,"cpd:C00408","neg",5,2021-04-15,"Mix1",FALSE,"Yes"
"Betaine","Proline betaine","Stachydrine hydrochloride","C7H13NO2",7.18,144.102454,"[M+H]",1,"cpd:C10172","pos",0.5,2017-03-31,"Mix1",TRUE,"Yes"
"Co-enzyme A","Propionyl-CoA","Propionyl CoA","C24H40N7O17P3S",8.83,822.133609,"[M-H]",-1,"cpd:C00100","neg",4,2016-04-01,"Mix1",TRUE,"No"
"Amino Acid derivative","Propionylglycine","Propionylglycine","C5H9NO3",5.52,130.050419,"[M-H]",-1,NA,"neg",5,2019-07-15,"Mix1",TRUE,"Yes"
"Redox","Riboflavin-5-phosphate","Riboflavin Monophosphate","C17H21N4O9P",8.6,455.096794,"[M-H]",-1,"cpd:C00061","neg",4,2016-04-01,"Mix2",FALSE,"Yes"
"Redox","Riboflavin-5-phosphate","Riboflavin Monophosphate","C17H21N4O9P",8.6,457.112444,"[M+H]",1,"cpd:C00061","pos",4,2016-04-01,"Mix2",TRUE,"Yes"
"Amino Acid synthesis","S-Adenosylhomocysteine","Adenosyl Homocysteine","C14H20N6O5S",10.85,385.129416,"[M+H]",1,"cpd:C00021","pos",4,2016-04-01,"Mix1",FALSE,"No"
"Amino Acid synthesis","S-Adenosylmethionine","Adenosyl Methionine","C15H22N6O5S",13.01,399.145066,"[M+H]",1,"cpd:C00019","pos",4,2016-04-01,"Mix1",FALSE,"No"
"Antioxidant","Salicylic acid","Salicylic Acid","C7H6O3",2.2,137.02387,"[M-H]",-1,"cpd:C00805","neg",4,2016-04-01,"Mix1",TRUE,"Yes"
"Glycine metabolite","Sarcosine","Sarcosine","C3H7NO2",10.6,90.055504,"[M+H]",1,"cpd:C00213","pos",4,2016-04-01,"Mix2",TRUE,"Problematic"
"Post translational modified amino acid","S-Farnesyl-L-cysteine methyl ester","S-Farnesyl-L-cysteine Methyl Ester","C19H33NO2S",1.58,340.231026,"[M+H]",1,NA,"pos",NA,2018-01-30,NA,FALSE,"No"
"Amino Acid synthesis","Shikimic acid","Shikimic Acid","C7H10O5",10.97,173.045,"[M-H]",-1,"cpd:C00493","neg",5,2016-04-01,"Mix1",TRUE,"Problematic"
"Sulfur","Sodium 2-mercaptoethanesulfonate","MESNA (Sodium 2-mercaptoethanesulfonate)","C2H5O3S2",2.67,140.968013,"[M]",-1,NA,"neg",4,2016-04-01,"Mix2",TRUE,"Yes"
"Organic Acid","Succinic acid","Succinic Acid","C4H6O4",11.9,117.018785,"[M-H]",-1,"cpd:C00042","neg",4,2016-04-01,"Mix1",TRUE,"Yes"
"Internal Standard","Succinic acid, 2H4","Succinic Acid, D4","C4H(2)4H2O4",11.9,121.0444,"[M-H]",-1,NA,"neg",10,2016-04-01,NA,TRUE,"Yes"
"Amino Acid - degraded","Succinic semialdehyde","Succinic semialdehyde","C4H6O3",6.51,101.02387,"[M-H]",-1,"cpd:C00232","neg",4,2018-07-01,"Mix2",TRUE,"Yes"
"Co-enzyme A","Succinyl-CoA","Succinyl CoA","C25H40N7O19P3S",12.965,866.123439,"[M-H]",-1,"cpd:C00091","neg",4,2016-04-01,"Mix1",TRUE,"No"
"Amino Acid derivative","Succinylglycine","Succinylglycine","C6H9NO5",12.58,176.055899,"[M+H]",1,NA,"pos",4,2019-07-15,"Mix1",TRUE,"Yes"
"Sugar","Sucrose","Sucrose","C12H22O11",11.93,341.10839,"[M-H]",-1,"cpd:C00089","neg",5,2017-03-31,"Mix1",TRUE,"Problematic"
"Internal Standard","Sucrose, 13C12","Sucrose, 13C","C(13)12H22O11",11.77,353.1497,"[M-H]",-1,NA,"neg",5,2017-06-01,NA,TRUE,"Problematic"
"Environmental contaminant","Sulfanilic acid","Sulfanilic Acid","C6H7NO3S",7.23,172.006841,"[M-H]",-1,"cpd:C06335","neg",4,2018-07-01,"Mix2",TRUE,"Yes"
"Sulfur","Sulfoacetic acid","Sulfoacetic Acid","C2H4O5S",13.9,138.970122,"[M-H]",-1,"cpd:C14179","neg",4,2016-04-01,"Mix2",TRUE,"Yes"
"Internal Standard","Sulfoacetic acid, 13C2","Sulfoacetic Acid, 13C2","C(13)2H4O5S",13.9,140.9774,"[M-H]",-1,NA,"neg",2.5,2016-04-01,NA,TRUE,"Yes"
"Sulfur","Sulfolactate","Sulfolactic Acid","C3H6O6S",13.275,168.980687,"[M-H]",-1,"cpd:C11537","neg",16,2016-04-01,"Mix2",TRUE,"Yes"
"Sulfur","Taurine","Taurine","C2H7NO3S",11.13,124.006841,"[M-H]",-1,"cpd:C00245","neg",4,2016-04-01,"Mix2",TRUE,"Yes"
"Sulfur","Taurine","Taurine","C2H7NO3S",11.12,126.022491,"[M+H]",1,"cpd:C00245","pos",4,2016-04-01,"Mix2",FALSE,"Yes"
"Internal Standard","Taurine, 2H4","Taurine, D4","C2H(2)4H3NO3S",10,128.0325,"[M-H]",-1,NA,"neg",1,2016-04-01,NA,TRUE,"Yes"
"Sulfur","Taurocyamine","Taurocyamine","C3H9N3O3S",12.02,168.043738,"[M+H]",1,"cpd:C01959","pos",5,2021-04-15,"Mix1",TRUE,"Yes"
"Sulfur","Taurocyamine","Taurocyamine","C3H9N3O3S",12.02,166.029185,"[M-H]",-1,"cpd:C01959","neg",5,2021-04-15,"Mix1",FALSE,"Yes"
"Vitamin (B1-derivative)","Thiamine diphosphate","Thiamine pyrophosphate","C12H19N4O7P2S",13.765,425.044974,"[M]",1,"cpd:C00068","pos",4,2016-04-01,"Mix1",TRUE,"Yes"
"Vitamin (B1-derivative)","Thiamine monophosphate","Thiamine monophosphate","C12H18N4O4PS",11.5,345.078641,"[M]",1,"cpd:C01081","pos",4,2016-04-01,"Mix1",TRUE,"Yes"
"Sugar","Threonic acid","Threonic acid","C4H8O5",10.37,135.02935,"[M-H]",-1,"cpd:C01620","neg",4,2019-07-15,"Mix1",TRUE,"Yes"
"Nucleoside","Thymidine","Thymidine","C10H14N2O5",3.27,241.082448,"[M-H]",-1,"cpd:C00214","neg",4,2016-04-01,"Mix1",TRUE,"Yes"
"Nucleic Acid","Thymine","Thymine","C5H6N2O2",3.02,127.050753,"[M+H]",1,"cpd:C00178","pos",4,2016-04-01,"Mix2",FALSE,"Yes"
"Nucleic Acid","Thymine","Thymine","C5H6N2O2",3.02,125.035103,"[M-H]",-1,"cpd:C00178","neg",4,2016-04-01,"Mix2",TRUE,"Yes"
"Internal Standard","Thymine, 2H4","Thymine, D4","C5H(2)4H2N2O2",3.06,129.0602,"[M-H]",-1,NA,"neg",6,2019-05-14,NA,TRUE,"Yes"
"Antioxidant","Trehalose","Trehalose","C12H22O11",13,341.10839,"[M-H]",-1,"cpd:C01083","neg",4,2016-04-01,"Mix2",TRUE,"Problematic"
"Internal Standard","Trehalose, 13C12","Trehalose, 13C","C(13)12H22O11",12.63,353.1497,"[M-H]",-1,NA,"neg",5,2017-06-01,NA,TRUE,"Problematic"
"Osmolyte","Trigonelline","Trigonelline","C7H7NO2",8.36,138.055503,"[M+H]",1,"cpd:C01004","pos",0.5,2017-03-31,"Mix1",TRUE,"Problematic"
"Osmolyte","Trimethylamine","Trimethylamine","C3H9N",5.96,60.081324,"[M+H]",1,"cpd:C00565","pos",10,2018-01-30,"Mix1",TRUE,"Yes"
"Osmolyte","Trimethylamine N-oxide","Trimethylamine N-oxide","C3H9NO",6.59,76.076239,"[M+H]",1,"cpd:C01104","pos",4,2018-01-30,"Mix1",TRUE,"Yes"
"Betaine","Turicine","Turicine","C7H13NO3",8.48,160.097369,"[M+H]",1,"cpd:C21513","pos",4,2018-07-01,"Mix2",TRUE,"Problematic"
"Nucleotide sugar","UDP-glucose","UDP-glucose","C15H24N2O17P2",13.59,565.047204,"[M-H]",-1,"cpd:C00029","neg",4,2016-04-01,"Mix2",TRUE,"Yes"
"Nucleotide sugar","UDP-N-acetylglucosamine","UDP-glucosamine","C17H27N3O17P2",12.75,606.073753,"[M-H]",-1,"cpd:C00043","neg",4,2016-04-01,"Mix2",TRUE,"Yes"
"Nucleic Acid","Uracil","Uracil","C4H4N2O2",4,111.019453,"[M-H]",-1,"cpd:C00106","neg",4,2016-04-01,"Mix2",TRUE,"Yes"
"Internal Standard","Uracil, 15N2, 2H2","Uracil, 15N2-D2","C4H(2)2H2N(15)2O2",3.73,115.0261,"[M-H]",-1,NA,"neg",8,2019-05-14,NA,TRUE,"Problematic"
"Urea cycle","Urea","Urea","CH4N2O",6.01,61.040188,"[M+H]",1,"cpd:C00086","pos",30,2021-04-15,"Mix1",TRUE,"Yes"
"Nucleoside","Uridine","Uridine","C9H12N2O6",6.02,243.061713,"[M-H]",-1,"cpd:C00299","neg",4,2016-04-01,"Mix2",TRUE,"Yes"
"Amino Acid derivative","Urocanic acid","Imidazoleacrylic Acid","C6H6N2O2",8.16,139.050753,"[M+H]",1,"cpd:C00785","pos",4,2018-07-01,"Mix2",FALSE,"Yes"
"Amino Acid derivative","Urocanic acid","Imidazoleacrylic Acid","C6H6N2O2",8.16,137.035103,"[M-H]",-1,"cpd:C00785","neg",4,2018-07-01,"Mix2",TRUE,"Yes"
"Internal Standard","Trimethylamine N-oxide, 2H9","Trimethylamine N-oxide, 2H9","C3H(2)9NO",6.9,85.1327,"[M+H]",1,NA,"pos",4,2022-06-28,NA,TRUE,"Yes"
"Internal Standard","L-Arginine, 13C6, 15N4","L-Arginine, 13C6, 15N4","C(13)6H14N(15)4O2",18.24,185.1274,"[M+H]",1,NA,"pos",4,2022-06-28,NA,TRUE,"Yes"
"Internal Standard","Nitrate, 15N","Nitrate, 15N","N(15)O3",4.55,62.9842,"[M-H]",-1,NA,"neg",5,2022-06-28,NA,TRUE,"Yes"
"Sulfur","Cysteinolic acid","Cysteinolic acid","C3H9NO4S",9.5,154.017406,"[M-H]",-1,NA,"neg",7.5,2022-01-11,"Mix2",TRUE,"Problematic"
"Sulfur","Amino hydroxypropanesulfonate","Amino hydroxypropanesulfonate","C3H9NO4S",11.5,154.017406,"[M-H]",-1,NA,"neg",7.5,2022-01-11,"Mix2",TRUE,"Problematic"
"Custom","Bisulfate","Bisulfate","HSO4",13,96.95900565,"[M]",-1,NA,"neg",NA,2015-01-01,NA,NA,NA
"Custom","Bromine81","Bromine upper","Br(81)",7,80.91563,"[M]",-1,NA,"neg",NA,2015-01-01,NA,NA,NA
"Custom","Bromine79","Bromine lower","Br(79)",7,78.91768,"[M]",-1,NA,"neg",NA,2015-01-01,NA,NA,NA
"Custom","Pyro from glutamine?","Pyro from glutamine?","C5H7NO3",11,130.050419,"[M-NH3+H]",-1,NA,"pos",NA,2015-01-01,NA,NA,NA
"Custom","Pyro from glutamate?","Pyro from glutamate?","C5H7NO3",12,130.050419,"[M-H2O+H]",-1,NA,"pos",NA,2015-01-01,NA,NA,NA
"Custom","Deoxycytidine?","Deoxycytidine?","C10H13N5O4",6.6,228.09788,"[M+H]",1,NA,"pos",NA,2015-01-01,NA,NA,NA
"Custom","Homoserine betaine?","Homoserine betaine?","C7H15NO3",6.7,162.1125,"[M+H]",1,NA,"pos",NA,2015-01-01,NA,NA,NA
"Custom","Threonine betaine?","Threonine betaine?","C7H15NO3",5,162.1125,"[M+H]",1,NA,"pos",NA,2015-01-01,NA,NA,NA
"Custom","Theanine?","Theanine?","C7H14N2O3",6.8,175.10771,"[M+H]",1,NA,"pos",NA,2015-01-01,NA,NA,NA
